,vault_name,vault_type,vault_apy,vault_total_assets
2021-04-19 04:38:37.925270,yveCRV - ETH,v1,0%,"$12,366,520"
2021-04-19 04:38:37.932958,yveCRV,v1,19.16%,$0
2021-04-19 04:38:37.937337,USDC,v2,16.48%,"$125,785,880"
2021-04-19 04:38:37.942564,crvIB,v2,30.02%,"$135,500,556"
2021-04-19 04:38:37.947768,HEGIC,v2,0.77%,"$708,539"
2021-04-19 04:38:37.954720,crvHBTC,v2,13.26%,"$9,609,066"
2021-04-19 04:38:37.964334,crvRENBTC,v2,2.67%,$0
2021-04-19 04:38:37.977729,DAI,v2,11.63%,"$403,964,025"
2021-04-19 04:38:37.988436,1INCH,v2,5.20%,"$706,415"
2021-04-19 04:38:37.999441,WETH,v2,5.66%,"$148,131,759"
2021-04-19 04:38:38.008188,WBTC,v2,5.44%,"$1,201,686"
2021-04-19 04:38:38.017508,crvSETH,v2,16.63%,"$129,628,148"
2021-04-19 04:38:38.028824,crvSTETH,v2,14.10%,"$188,472,663"
2021-04-19 04:38:38.041976,YFI,v2,5.62%,"$253,265,983"
2021-04-19 04:38:38.053756,crvSBTC,v2,3.76%,"$2,484,544"
2021-04-19 04:38:38.065237,ETH,v2,5.66%,"$148,131,759"
2021-04-19 04:38:38.078506,crvMUSD,v1,36.25%,"$2,217,824"
2021-04-19 04:38:38.089593,yCRV,v1,18.34%,"$47,767,800"
2021-04-19 04:38:38.102024,crvGUSD,v1,25.82%,"$39,066,451"
2021-04-19 04:38:38.115550,crvAAVE,v1,32.41%,"$21,252,239"
2021-04-19 04:38:38.128583,USDC,v1,13.84%,"$11,163,967"
2021-04-19 04:38:38.141383,crvSAAVE,v1,33.31%,"$5,429,023"
2021-04-19 04:38:38.155161,crvDUSD,v1,39.37%,"$3,363,534"
2021-04-19 04:38:38.167863,WETH,v1,0%,"$14,678,678"
2021-04-19 04:38:38.181204,crvUSDN,v1,37.45%,"$49,324,624"
2021-04-19 04:38:38.197782,crvCOMP,v1,21.82%,"$36,704,890"
2021-04-19 04:38:38.217230,crvUST,v1,52.83%,"$3,424,290"
2021-04-19 04:38:38.241590,crvLINK,v1,20.11%,"$93,055,771"
2021-04-19 04:38:38.269241,3Crv,v1,16.33%,"$89,536,575"
2021-04-19 04:38:38.290075,crvOBTC,v1,17.24%,"$7,318,802"
2021-04-19 04:38:38.308030,crvSBTC,v1,0%,"$19,908,032"
2021-04-19 04:38:38.329296,crvSUSD,v1,31.67%,"$31,741,444"
2021-04-19 04:38:38.346603,USDT,v1,13.23%,"$9,190,956"
2021-04-19 04:38:38.364876,crvHBTC,v1,6.70%,"$1,178,339"
2021-04-19 04:38:38.383180,crvPBTC,v1,17.64%,"$3,277,785"
2021-04-19 04:38:38.402068,crvEURS,v1,35.10%,"$17,461,445"
2021-04-19 04:38:38.420499,crvTBTC,v1,6.90%,$0
2021-04-19 04:38:38.439123,crvHUSD,v1,26.49%,"$254,120"
2021-04-19 04:38:38.461968,TUSD,v1,15.98%,"$3,286,628"
2021-04-19 04:38:38.484831,crvBBTC,v1,4.17%,"$3,098,837"
2021-04-19 04:38:38.510145,LINK,v1,0.00%,"$515,207"
2021-04-19 04:38:38.531812,DAI,v1,13.83%,"$13,130,612"
2021-04-19 04:38:38.553192,crvUSDP,v1,44.47%,"$58,032,178"
2021-04-19 04:38:38.575150,crvBUSD,v1,16.38%,"$33,128,725"
2021-04-19 04:38:38.597317,crvANKR,v1,13.69%,"$1,864,585"
2021-04-19 04:38:38.619998,aLINK,v1,0.00%,"$18,597,466"
2021-04-19 04:38:38.644359,YFI,v1,0%,"$5,515,977"
2021-04-19 04:38:38.669495,crvRENBTC,v1,0%,"$73,142"
2021-04-19 04:38:38.693247,mUSD,v1,44.71%,"$12,792"
2021-04-19 04:38:38.722663,ETH,v1,0%,"$14,678,678"
2021-04-19 16:38:28.066431,yveCRV - ETH,v1,0.00%,"$11,390,773"
2021-04-19 16:38:28.072956,yveCRV,v1,21.24%,$0
2021-04-19 16:38:28.077777,USDC,v2,16.23%,"$127,043,877"
2021-04-19 16:38:28.082667,crvIB,v2,28.98%,"$136,339,269"
2021-04-19 16:38:28.088228,HEGIC,v2,0.77%,"$601,188"
2021-04-19 16:38:28.094107,crvHBTC,v2,11.76%,"$9,038,708"
2021-04-19 16:38:28.100636,crvRENBTC,v2,1.74%,$0
2021-04-19 16:38:28.118889,DAI,v2,11.77%,"$411,889,222"
2021-04-19 16:38:28.140086,1INCH,v2,5.20%,"$633,251"
2021-04-19 16:38:28.156281,WETH,v2,5.49%,"$139,674,819"
2021-04-19 16:38:28.165695,WBTC,v2,5.44%,"$1,160,001"
2021-04-19 16:38:28.180648,crvSETH,v2,15.21%,"$122,821,968"
2021-04-19 16:38:28.191731,crvSTETH,v2,13.50%,"$177,394,231"
2021-04-19 16:38:28.208822,YFI,v2,5.41%,"$228,396,819"
2021-04-19 16:38:28.218436,crvSBTC,v2,3.03%,"$4,914,545"
2021-04-19 16:38:28.229986,ETH,v2,5.49%,"$139,674,819"
2021-04-19 16:38:28.240635,crvMUSD,v1,34.16%,"$2,080,153"
2021-04-19 16:38:28.251490,yCRV,v1,15.15%,"$47,774,488"
2021-04-19 16:38:28.264846,crvGUSD,v1,24.06%,"$38,166,613"
2021-04-19 16:38:28.276428,crvAAVE,v1,29.39%,"$22,929,282"
2021-04-19 16:38:28.288868,USDC,v1,13.94%,"$11,166,802"
2021-04-19 16:38:28.301406,crvSAAVE,v1,24.05%,"$6,348,058"
2021-04-19 16:38:28.314250,crvDUSD,v1,37.02%,"$3,164,399"
2021-04-19 16:38:28.327879,WETH,v1,0.00%,"$13,806,335"
2021-04-19 16:38:28.343044,crvUSDN,v1,31.92%,"$46,857,416"
2021-04-19 16:38:28.360701,crvCOMP,v1,20.19%,"$36,602,899"
2021-04-19 16:38:28.390653,crvUST,v1,49.96%,"$4,309,255"
2021-04-19 16:38:28.421868,crvLINK,v1,20.15%,"$82,579,013"
2021-04-19 16:38:28.440249,3Crv,v1,17.54%,"$89,800,360"
2021-04-19 16:38:28.456088,crvOBTC,v1,16.61%,"$7,063,983"
2021-04-19 16:38:28.474195,crvSBTC,v1,0.00%,"$16,659,422"
2021-04-19 16:38:28.490616,crvSUSD,v1,28.02%,"$32,640,553"
2021-04-19 16:38:28.507368,USDT,v1,13.15%,"$9,653,152"
2021-04-19 16:38:28.524182,crvHBTC,v1,6.04%,"$722,694"
2021-04-19 16:38:28.541544,crvPBTC,v1,16.54%,"$3,083,278"
2021-04-19 16:38:28.559173,crvEURS,v1,30.63%,"$16,941,752"
2021-04-19 16:38:28.577667,crvTBTC,v1,6.21%,$0
2021-04-19 16:38:28.606349,crvHUSD,v1,24.49%,"$239,351"
2021-04-19 16:38:28.638732,TUSD,v1,15.69%,"$3,296,058"
2021-04-19 16:38:28.665801,crvBBTC,v1,3.43%,"$2,966,039"
2021-04-19 16:38:28.686629,LINK,v1,0.00%,"$276,963"
2021-04-19 16:38:28.708802,DAI,v1,13.74%,"$13,098,589"
2021-04-19 16:38:28.731381,crvUSDP,v1,39.77%,"$60,243,712"
2021-04-19 16:38:28.756030,crvBUSD,v1,15.96%,"$32,706,071"
2021-04-19 16:38:28.777896,crvANKR,v1,13.09%,"$1,753,900"
2021-04-19 16:38:28.800345,aLINK,v1,0.00%,"$16,493,727"
2021-04-19 16:38:28.825669,YFI,v1,0.00%,"$4,916,892"
2021-04-19 16:38:28.851194,crvRENBTC,v1,0.00%,"$70,596"
2021-04-19 16:38:28.874578,mUSD,v1,44.92%,"$12,033"
2021-04-19 16:38:28.897762,ETH,v1,0.00%,"$13,806,335"
2021-04-20 16:52:32.782333,yveCRV - ETH,v1,53.32%,"$11,219,191"
2021-04-20 16:52:32.795436,yveCRV,v1,22.75%,$0
2021-04-20 16:52:32.805966,USDC,v2,16.37%,"$132,042,086"
2021-04-20 16:52:32.814316,crvIB,v2,26.27%,"$135,079,506"
2021-04-20 16:52:32.820436,HEGIC,v2,0.77%,"$576,689"
2021-04-20 16:52:32.828237,crvHBTC,v2,11.64%,"$9,322,707"
2021-04-20 16:52:32.842053,crvRENBTC,v2,1.87%,"$54,097"
2021-04-20 16:52:32.851267,DAI,v2,12.87%,"$426,448,696"
2021-04-20 16:52:32.862115,1INCH,v2,5.20%,"$638,210"
2021-04-20 16:52:32.870606,WETH,v2,5.36%,"$144,481,025"
2021-04-20 16:52:32.878962,WBTC,v2,5.44%,"$1,162,550"
2021-04-20 16:52:32.887388,crvSETH,v2,14.50%,"$127,240,871"
2021-04-20 16:52:32.896716,crvSTETH,v2,13.37%,"$183,258,679"
2021-04-20 16:52:32.909047,YFI,v2,4.18%,"$221,211,462"
2021-04-20 16:52:32.920639,crvSBTC,v2,3.09%,"$4,925,370"
2021-04-20 16:52:32.931847,ETH,v2,5.36%,"$144,481,025"
2021-04-20 16:52:32.944576,crvMUSD,v1,24.49%,"$2,190,729"
2021-04-20 16:52:32.956488,yCRV,v1,12.30%,"$47,541,368"
2021-04-20 16:52:32.970038,crvGUSD,v1,21.99%,"$37,976,258"
2021-04-20 16:52:32.984845,crvAAVE,v1,25.26%,"$23,023,147"
2021-04-20 16:52:32.998622,USDC,v1,13.75%,"$11,117,222"
2021-04-20 16:52:33.012483,crvSAAVE,v1,20.02%,"$6,323,444"
2021-04-20 16:52:33.028619,crvDUSD,v1,35.09%,"$3,367,637"
2021-04-20 16:52:33.042831,WETH,v1,0.00%,"$14,236,542"
2021-04-20 16:52:33.058103,crvUSDN,v1,29.74%,"$46,925,643"
2021-04-20 16:52:33.074266,crvCOMP,v1,17.65%,"$36,453,503"
2021-04-20 16:52:33.089710,crvUST,v1,36.82%,"$4,684,773"
2021-04-20 16:52:33.106392,crvLINK,v1,19.79%,"$84,010,436"
2021-04-20 16:52:33.122641,3Crv,v1,14.10%,"$89,429,426"
2021-04-20 16:52:33.139385,crvOBTC,v1,17.13%,"$7,079,518"
2021-04-20 16:52:33.159179,crvSBTC,v1,0.00%,"$16,696,116"
2021-04-20 16:52:33.178525,crvSUSD,v1,26.72%,"$32,534,701"
2021-04-20 16:52:33.203311,USDT,v1,12.98%,"$9,609,400"
2021-04-20 16:52:33.248467,crvHBTC,v1,5.98%,"$582,172"
2021-04-20 16:52:33.287675,crvPBTC,v1,15.87%,"$3,173,276"
2021-04-20 16:52:33.326142,crvEURS,v1,30.69%,"$17,492,950"
2021-04-20 16:52:33.371773,crvTBTC,v1,6.21%,$0
2021-04-20 16:52:33.405644,crvHUSD,v1,22.10%,"$246,876"
2021-04-20 16:52:33.460352,TUSD,v1,14.90%,"$3,283,388"
2021-04-20 16:52:33.486457,crvBBTC,v1,2.86%,"$3,005,575"
2021-04-20 16:52:33.507900,LINK,v1,0.00%,"$277,213"
2021-04-20 16:52:33.530404,DAI,v1,13.55%,"$13,147,422"
2021-04-20 16:52:33.554119,crvUSDP,v1,35.84%,"$60,706,846"
2021-04-20 16:52:33.579376,crvBUSD,v1,16.60%,"$32,378,301"
2021-04-20 16:52:33.603505,crvANKR,v1,12.65%,"$1,809,076"
2021-04-20 16:52:33.629121,aLINK,v1,0.00%,"$16,470,771"
2021-04-20 16:52:33.654579,YFI,v1,0.00%,"$4,840,683"
2021-04-20 16:52:33.682793,crvRENBTC,v1,0.00%,"$16,654"
2021-04-20 16:52:33.715992,mUSD,v1,49.20%,"$116,447"
2021-04-20 16:52:33.759337,ETH,v1,0.00%,"$14,236,542"
2021-04-21 12:42:00.141050,yveCRV - ETH,v1,52.99%,"$11,969,932"
2021-04-21 12:42:00.150148,yveCRV,v1,21.41%,$0
2021-04-21 12:42:00.154787,USDC,v2,15.69%,"$134,000,658"
2021-04-21 12:42:00.162708,crvIB,v2,24.75%,"$143,875,371"
2021-04-21 12:42:00.169866,HEGIC,v2,0.77%,"$579,596"
2021-04-21 12:42:00.182597,crvHBTC,v2,11.62%,"$9,702,404"
2021-04-21 12:42:00.192359,crvRENBTC,v2,1.79%,"$54,084"
2021-04-21 12:42:00.199777,DAI,v2,12.21%,"$435,775,268"
2021-04-21 12:42:00.207258,1INCH,v2,5.20%,"$653,831"
2021-04-21 12:42:00.214929,WETH,v2,5.20%,"$153,561,083"
2021-04-21 12:42:00.223025,WBTC,v2,5.44%,"$1,164,802"
2021-04-21 12:42:00.235285,crvSETH,v2,13.51%,"$135,533,067"
2021-04-21 12:42:00.249291,crvSTETH,v2,12.97%,"$195,912,724"
2021-04-21 12:42:00.263107,YFI,v2,3.90%,"$219,694,627"
2021-04-21 12:42:00.273487,crvSBTC,v2,3.08%,"$5,069,465"
2021-04-21 12:42:00.283427,ETH,v2,5.20%,"$153,561,083"
2021-04-21 12:42:00.294565,crvMUSD,v1,21.68%,"$2,314,585"
2021-04-21 12:42:00.306359,yCRV,v1,14.74%,"$45,782,565"
2021-04-21 12:42:00.317970,crvGUSD,v1,22.34%,"$37,032,977"
2021-04-21 12:42:00.329993,crvAAVE,v1,22.92%,"$24,404,759"
2021-04-21 12:42:00.342397,USDC,v1,13.69%,"$11,215,002"
2021-04-21 12:42:00.357127,crvSAAVE,v1,19.61%,"$6,355,319"
2021-04-21 12:42:00.370659,crvDUSD,v1,33.23%,"$3,588,182"
2021-04-21 12:42:00.384208,WETH,v1,0.00%,"$7,423,311"
2021-04-21 12:42:00.398524,crvUSDN,v1,51.20%,"$51,314,186"
2021-04-21 12:42:00.413707,crvCOMP,v1,16.64%,"$36,671,941"
2021-04-21 12:42:00.428692,crvUST,v1,34.17%,"$4,762,841"
2021-04-21 12:42:00.444629,crvLINK,v1,19.07%,"$85,684,763"
2021-04-21 12:42:00.461844,3Crv,v1,13.61%,"$82,414,200"
2021-04-21 12:42:00.477562,crvOBTC,v1,18.67%,"$7,164,115"
2021-04-21 12:42:00.496214,crvSBTC,v1,0.00%,"$16,491,799"
2021-04-21 12:42:00.514324,crvSUSD,v1,26.69%,"$33,146,933"
2021-04-21 12:42:00.534048,USDT,v1,11.64%,"$10,929,273"
2021-04-21 12:42:00.556329,crvHBTC,v1,5.97%,"$585,860"
2021-04-21 12:42:00.576088,crvPBTC,v1,16.50%,"$3,231,861"
2021-04-21 12:42:00.595344,crvEURS,v1,30.48%,"$18,209,444"
2021-04-21 12:42:00.614876,crvTBTC,v1,6.14%,$0
2021-04-21 12:42:00.663346,crvHUSD,v1,22.62%,"$245,407"
2021-04-21 12:42:00.702984,TUSD,v1,12.98%,"$3,300,216"
2021-04-21 12:42:00.728841,crvBBTC,v1,2.93%,"$3,014,683"
2021-04-21 12:42:00.749584,LINK,v1,0.00%,"$296,550"
2021-04-21 12:42:00.771373,DAI,v1,11.74%,"$7,674,938"
2021-04-21 12:42:00.792489,crvUSDP,v1,35.67%,"$60,329,834"
2021-04-21 12:42:00.816159,crvBUSD,v1,23.24%,"$21,316,815"
2021-04-21 12:42:00.839618,crvANKR,v1,11.58%,"$1,923,981"
2021-04-21 12:42:00.864370,aLINK,v1,0.00%,"$16,610,893"
2021-04-21 12:42:00.888361,YFI,v1,0.00%,"$4,675,389"
2021-04-21 12:42:00.911488,crvRENBTC,v1,0.00%,"$16,686"
2021-04-21 12:42:00.936042,mUSD,v1,48.89%,"$183,153"
2021-04-21 12:42:00.961613,ETH,v1,0.00%,"$7,423,311"
2021-04-22 17:59:09.415539,yveCRV - ETH,v1,0.00%,"$14,652,860"
2021-04-22 17:59:09.423595,yveCRV,v1,14.77%,$0
2021-04-22 17:59:09.430054,USDC,v2,16.04%,"$132,762,059"
2021-04-22 17:59:09.436469,crvIB,v2,27.79%,"$148,948,647"
2021-04-22 17:59:09.443339,HEGIC,v2,0.77%,"$605,043"
2021-04-22 17:59:09.449243,crvHBTC,v2,12.29%,"$10,147,764"
2021-04-22 17:59:09.455578,crvRENBTC,v2,1.83%,"$52,569"
2021-04-22 17:59:09.462784,crvSAAVE,v2,52.17%,"$3,585,782"
2021-04-22 17:59:09.469244,DAI,v2,13.15%,"$450,592,496"
2021-04-22 17:59:09.476957,1INCH,v2,3.67%,"$663,457"
2021-04-22 17:59:09.484707,WETH,v2,5.72%,"$173,244,407"
2021-04-22 17:59:09.493089,WBTC,v2,5.44%,"$1,129,694"
2021-04-22 17:59:09.501748,crvSETH,v2,12.76%,"$141,953,682"
2021-04-22 17:59:09.510252,crvSTETH,v2,12.28%,"$214,006,695"
2021-04-22 17:59:09.519552,YFI,v2,2.88%,"$229,430,109"
2021-04-22 17:59:09.531836,crvSBTC,v2,3.96%,"$5,815,222"
2021-04-22 17:59:09.541728,ETH,v2,5.72%,"$173,244,407"
2021-04-22 17:59:09.552658,crvMUSD,v1,25.33%,"$2,106,814"
2021-04-22 17:59:09.564072,yCRV,v1,16.05%,"$45,955,712"
2021-04-22 17:59:09.575216,crvGUSD,v1,18.57%,"$34,339,808"
2021-04-22 17:59:09.586992,crvAAVE,v1,27.49%,"$21,897,403"
2021-04-22 17:59:09.599139,USDC,v1,13.56%,"$11,171,855"
2021-04-22 17:59:09.613769,crvSAAVE,v1,0.00%,"$2,842,373"
2021-04-22 17:59:09.626917,crvDUSD,v1,37.68%,"$3,221,658"
2021-04-22 17:59:09.639922,WETH,v1,0.00%,"$8,082,390"
2021-04-22 17:59:09.653645,crvUSDN,v1,35.38%,"$52,099,727"
2021-04-22 17:59:09.669878,crvCOMP,v1,19.66%,"$36,657,545"
2021-04-22 17:59:09.685614,crvUST,v1,36.67%,"$4,596,445"
2021-04-22 17:59:09.709448,crvLINK,v1,12.29%,"$90,177,453"
2021-04-22 17:59:09.725941,3Crv,v1,13.98%,"$83,279,088"
2021-04-22 17:59:09.742453,crvOBTC,v1,18.54%,"$8,488,363"
2021-04-22 17:59:09.762660,crvSBTC,v1,0.00%,"$15,057,941"
2021-04-22 17:59:09.783564,crvSUSD,v1,28.20%,"$32,681,160"
2021-04-22 17:59:09.801486,USDT,v1,12.55%,"$11,165,268"
2021-04-22 17:59:09.845489,crvHBTC,v1,6.38%,"$258,577"
2021-04-22 17:59:09.889742,crvPBTC,v1,16.92%,"$3,069,166"
2021-04-22 17:59:09.952924,crvEURS,v1,89.84%,"$18,816,640"
2021-04-22 17:59:09.992381,crvTBTC,v1,7.34%,$0
2021-04-22 17:59:10.018300,crvHUSD,v1,35.62%,$87
2021-04-22 17:59:10.052333,TUSD,v1,12.47%,"$3,290,485"
2021-04-22 17:59:10.086028,crvBBTC,v1,4.19%,"$2,894,358"
2021-04-22 17:59:10.114781,LINK,v1,0.00%,"$307,651"
2021-04-22 17:59:10.146946,DAI,v1,12.76%,"$7,614,397"
2021-04-22 17:59:10.175890,crvUSDP,v1,39.43%,"$60,106,604"
2021-04-22 17:59:10.199443,crvBUSD,v1,14.87%,"$21,441,928"
2021-04-22 17:59:10.222703,crvANKR,v1,10.88%,"$2,101,507"
2021-04-22 17:59:10.245450,aLINK,v1,0.00%,"$17,031,138"
2021-04-22 17:59:10.267323,YFI,v1,0.00%,"$4,788,911"
2021-04-22 17:59:10.290345,crvRENBTC,v1,0.00%,"$16,184"
2021-04-22 17:59:10.315927,mUSD,v1,49.10%,"$166,757"
2021-04-22 17:59:10.339052,ETH,v1,0.00%,"$8,082,390"
2021-04-23 18:06:11.913666,yveCRV - ETH,v1,51.96%,"$11,679,673"
2021-04-23 18:06:11.919448,yveCRV,v1,18.84%,$0
2021-04-23 18:06:11.924501,USDC,v2,16.13%,"$133,907,559"
2021-04-23 18:06:11.930555,crvIB,v2,21.06%,"$161,862,522"
2021-04-23 18:06:11.935906,HEGIC,v2,0.77%,"$482,715"
2021-04-23 18:06:11.942712,crvHBTC,v2,10.71%,"$8,725,025"
2021-04-23 18:06:11.948632,crvRENBTC,v2,1.54%,"$48,862"
2021-04-23 18:06:11.956548,crvSAAVE,v2,45.47%,"$7,316,565"
2021-04-23 18:06:11.963270,DAI,v2,14.37%,"$441,636,096"
2021-04-23 18:06:11.971231,1INCH,v2,7.39%,"$540,726"
2021-04-23 18:06:11.979515,WETH,v2,5.78%,"$155,841,236"
2021-04-23 18:06:11.988266,WBTC,v2,5.44%,"$1,047,229"
2021-04-23 18:06:11.997894,crvSETH,v2,11.17%,"$133,280,597"
2021-04-23 18:06:12.007388,crvSTETH,v2,12.00%,"$193,763,630"
2021-04-23 18:06:12.017236,YFI,v2,2.61%,"$196,619,937"
2021-04-23 18:06:12.027527,crvSBTC,v2,3.50%,"$5,682,248"
2021-04-23 18:06:12.041125,ETH,v2,5.78%,"$155,841,236"
2021-04-23 18:06:12.061164,crvMUSD,v1,20.78%,"$2,061,955"
2021-04-23 18:06:12.084900,yCRV,v1,13.98%,"$45,990,162"
2021-04-23 18:06:12.114430,crvGUSD,v1,16.65%,"$31,596,373"
2021-04-23 18:06:12.138602,crvAAVE,v1,23.66%,"$21,105,435"
2021-04-23 18:06:12.169601,USDC,v1,13.43%,"$11,016,924"
2021-04-23 18:06:12.193695,crvSAAVE,v1,0.00%,"$1,663,716"
2021-04-23 18:06:12.221287,crvDUSD,v1,31.23%,"$3,308,569"
2021-04-23 18:06:12.244036,WETH,v1,0.00%,"$7,329,839"
2021-04-23 18:06:12.279612,crvUSDN,v1,27.32%,"$50,289,326"
2021-04-23 18:06:12.311604,crvCOMP,v1,17.13%,"$36,770,158"
2021-04-23 18:06:12.340963,crvUST,v1,39.89%,"$4,554,911"
2021-04-23 18:06:12.380079,crvLINK,v1,10.97%,"$80,280,471"
2021-04-23 18:06:12.433855,3Crv,v1,12.26%,"$82,670,456"
2021-04-23 18:06:12.482781,crvOBTC,v1,17.68%,"$8,037,850"
2021-04-23 18:06:12.521705,crvSBTC,v1,0.00%,"$13,666,669"
2021-04-23 18:06:12.545099,crvSUSD,v1,23.97%,"$32,814,686"
2021-04-23 18:06:12.568063,USDT,v1,11.88%,"$11,264,870"
2021-04-23 18:06:12.646448,crvHBTC,v1,5.66%,"$218,018"
2021-04-23 18:06:12.681908,crvPBTC,v1,13.88%,"$2,852,369"
2021-04-23 18:06:12.717543,crvEURS,v1,64.43%,"$19,524,002"
2021-04-23 18:06:12.741345,crvTBTC,v1,6.44%,$0
2021-04-23 18:06:12.762933,crvHUSD,v1,30.15%,$654
2021-04-23 18:06:12.782989,TUSD,v1,13.03%,"$3,257,316"
2021-04-23 18:06:12.804975,crvBBTC,v1,4.87%,"$2,688,076"
2021-04-23 18:06:12.826127,LINK,v1,0.00%,"$280,073"
2021-04-23 18:06:12.848915,DAI,v1,11.98%,"$7,604,378"
2021-04-23 18:06:12.872527,crvUSDP,v1,33.70%,"$54,652,011"
2021-04-23 18:06:12.895461,crvBUSD,v1,14.53%,"$21,454,586"
2021-04-23 18:06:12.918834,crvANKR,v1,9.91%,"$1,899,359"
2021-04-23 18:06:12.943178,aLINK,v1,0.00%,"$14,758,575"
2021-04-23 18:06:12.968074,YFI,v1,0.00%,"$4,096,488"
2021-04-23 18:06:12.993041,crvRENBTC,v1,0.00%,"$15,039"
2021-04-23 18:06:13.018847,mUSD,v1,0.00%,"$272,069"
2021-04-23 18:06:13.043060,ETH,v1,0.00%,"$7,329,839"
2021-04-24 16:38:47.012804,yveCRV - ETH,v1,0.00%,"$11,606,021"
2021-04-24 16:38:47.020108,yveCRV,v1,19.09%,$0
2021-04-24 16:38:47.025390,USDC,v2,17.82%,"$141,143,915"
2021-04-24 16:38:47.030443,crvIB,v2,18.56%,"$161,662,758"
2021-04-24 16:38:47.035809,HEGIC,v2,0.77%,"$442,997"
2021-04-24 16:38:47.041924,crvHBTC,v2,9.79%,"$9,514,613"
2021-04-24 16:38:47.049526,crvRENBTC,v2,1.17%,"$48,991"
2021-04-24 16:38:47.057561,crvSAAVE,v2,18.00%,"$7,558,046"
2021-04-24 16:38:47.066548,DAI,v2,13.31%,"$446,827,544"
2021-04-24 16:38:47.075191,1INCH,v2,7.39%,"$540,238"
2021-04-24 16:38:47.084498,WETH,v2,5.58%,"$153,008,049"
2021-04-24 16:38:47.096640,WBTC,v2,5.44%,"$1,052,544"
2021-04-24 16:38:47.104938,crvSETH,v2,10.68%,"$129,047,924"
2021-04-24 16:38:47.115020,crvSTETH,v2,12.15%,"$190,470,029"
2021-04-24 16:38:47.125003,YFI,v2,2.26%,"$184,717,042"
2021-04-24 16:38:47.137063,crvSBTC,v2,3.26%,"$5,759,959"
2021-04-24 16:38:47.149507,ETH,v2,5.58%,"$153,008,049"
2021-04-24 16:38:47.161351,crvMUSD,v1,19.59%,"$2,003,193"
2021-04-24 16:38:47.172942,yCRV,v1,16.44%,"$45,793,708"
2021-04-24 16:38:47.185670,crvGUSD,v1,14.96%,"$32,005,593"
2021-04-24 16:38:47.198898,crvAAVE,v1,20.49%,"$21,047,628"
2021-04-24 16:38:47.211861,USDC,v1,13.44%,"$10,926,148"
2021-04-24 16:38:47.225850,crvSAAVE,v1,0.00%,"$1,550,332"
2021-04-24 16:38:47.239447,crvDUSD,v1,29.45%,"$2,968,729"
2021-04-24 16:38:47.253862,WETH,v1,0.00%,"$7,145,908"
2021-04-24 16:38:47.268351,crvUSDN,v1,24.03%,"$50,536,401"
2021-04-24 16:38:47.283624,crvCOMP,v1,15.31%,"$36,618,602"
2021-04-24 16:38:47.298734,crvUST,v1,35.50%,"$5,701,730"
2021-04-24 16:38:47.318824,crvLINK,v1,9.60%,"$76,819,283"
2021-04-24 16:38:47.338723,3Crv,v1,10.58%,"$82,474,710"
2021-04-24 16:38:47.359496,crvOBTC,v1,22.03%,"$7,983,019"
2021-04-24 16:38:47.383190,crvSBTC,v1,0.00%,"$13,551,905"
2021-04-24 16:38:47.404369,crvSUSD,v1,21.68%,"$32,751,493"
2021-04-24 16:38:47.422932,USDT,v1,11.88%,"$11,123,485"
2021-04-24 16:38:47.441929,crvHBTC,v1,5.22%,"$209,209"
2021-04-24 16:38:47.463363,crvPBTC,v1,14.67%,"$3,135,848"
2021-04-24 16:38:47.497502,crvEURS,v1,61.42%,"$20,786,674"
2021-04-24 16:38:47.522615,crvTBTC,v1,6.07%,$0
2021-04-24 16:38:47.565898,crvHUSD,v1,26.91%,$641
2021-04-24 16:38:47.590976,TUSD,v1,12.86%,"$3,220,576"
2021-04-24 16:38:47.616475,crvBBTC,v1,3.72%,"$2,690,108"
2021-04-24 16:38:47.637651,LINK,v1,0.00%,"$263,966"
2021-04-24 16:38:47.659462,DAI,v1,10.97%,"$7,508,427"
2021-04-24 16:38:47.682380,crvUSDP,v1,31.63%,"$55,356,132"
2021-04-24 16:38:47.704805,crvBUSD,v1,16.77%,"$21,442,796"
2021-04-24 16:38:47.730378,crvANKR,v1,12.63%,"$976,922"
2021-04-24 16:38:47.754032,aLINK,v1,0.00%,"$13,656,677"
2021-04-24 16:38:47.777847,YFI,v1,0.00%,"$3,913,638"
2021-04-24 16:38:47.802602,crvRENBTC,v1,0.00%,"$15,078"
2021-04-24 16:38:47.828422,mUSD,v1,19.77%,"$283,444"
2021-04-24 16:38:47.856603,ETH,v1,0.00%,"$7,145,908"
2021-04-25 14:27:14.025576,yveCRV - ETH,v1,0.00%,"$12,134,076"
2021-04-25 14:27:14.040446,yveCRV,v1,18.92%,$0
2021-04-25 14:27:14.049068,USDC,v2,15.78%,"$147,116,298"
2021-04-25 14:27:14.073537,crvIB,v2,18.79%,"$164,267,363"
2021-04-25 14:27:14.090574,HEGIC,v2,0.77%,"$459,491"
2021-04-25 14:27:14.101802,crvHBTC,v2,10.11%,"$9,897,824"
2021-04-25 14:27:14.118461,crvOBTC,v2,31.52%,"$1,430,666"
2021-04-25 14:27:14.131549,crvRENBTC,v2,1.67%,"$48,751"
2021-04-25 14:27:14.151121,crvSAAVE,v2,17.66%,"$7,523,899"
2021-04-25 14:27:14.169692,DAI,v2,14.49%,"$446,898,620"
2021-04-25 14:27:14.188809,1INCH,v2,7.39%,"$545,925"
2021-04-25 14:27:14.207639,WETH,v2,5.48%,"$159,250,638"
2021-04-25 14:27:14.226830,WBTC,v2,5.44%,"$1,042,724"
2021-04-25 14:27:14.247227,crvSETH,v2,10.78%,"$132,335,933"
2021-04-25 14:27:14.271161,crvSTETH,v2,11.87%,"$198,068,878"
2021-04-25 14:27:14.297849,YFI,v2,1.60%,"$182,907,832"
2021-04-25 14:27:14.327302,crvSBTC,v2,3.56%,"$5,746,173"
2021-04-25 14:27:14.350592,ETH,v2,5.48%,"$159,250,638"
2021-04-25 14:27:14.374622,crvMUSD,v1,20.30%,"$2,250,724"
2021-04-25 14:27:14.398785,yCRV,v1,11.16%,"$45,973,143"
2021-04-25 14:27:14.415863,crvGUSD,v1,15.72%,"$32,956,798"
2021-04-25 14:27:14.437810,crvAAVE,v1,22.31%,"$21,050,094"
2021-04-25 14:27:14.465474,USDC,v1,13.05%,"$10,725,291"
2021-04-25 14:27:14.485208,crvSAAVE,v1,0.00%,"$1,530,338"
2021-04-25 14:27:14.502400,crvDUSD,v1,29.99%,"$3,009,878"
2021-04-25 14:27:14.518257,WETH,v1,0.00%,"$7,243,552"
2021-04-25 14:27:14.534266,crvUSDN,v1,25.75%,"$48,948,206"
2021-04-25 14:27:14.551712,crvCOMP,v1,14.92%,"$36,546,013"
2021-04-25 14:27:14.571035,crvUST,v1,35.31%,"$6,140,650"
2021-04-25 14:27:14.587886,crvLINK,v1,9.13%,"$76,861,535"
2021-04-25 14:27:14.606965,3Crv,v1,10.65%,"$82,241,794"
2021-04-25 14:27:14.625573,crvOBTC,v1,35.11%,"$7,699,153"
2021-04-25 14:27:14.643633,crvSBTC,v1,0.00%,"$13,312,543"
2021-04-25 14:27:14.660987,crvSUSD,v1,22.40%,"$32,808,609"
2021-04-25 14:27:14.681099,USDT,v1,11.65%,"$11,791,134"
2021-04-25 14:27:14.699978,crvHBTC,v1,5.39%,"$214,966"
2021-04-25 14:27:14.724446,crvPBTC,v1,16.27%,"$2,974,425"
2021-04-25 14:27:14.751812,crvEURS,v1,57.47%,"$23,244,026"
2021-04-25 14:27:14.782277,crvTBTC,v1,6.33%,$0
2021-04-25 14:27:14.808447,crvHUSD,v1,27.10%,$710
2021-04-25 14:27:14.839949,TUSD,v1,12.85%,"$3,885,291"
2021-04-25 14:27:14.887597,crvBBTC,v1,5.07%,"$2,586,153"
2021-04-25 14:27:14.914376,LINK,v1,0.00%,"$269,318"
2021-04-25 14:27:14.937789,DAI,v1,10.33%,"$7,415,934"
2021-04-25 14:27:14.969646,crvUSDP,v1,31.97%,"$55,338,860"
2021-04-25 14:27:14.997740,crvBUSD,v1,13.29%,"$21,376,868"
2021-04-25 14:27:15.022100,crvANKR,v1,12.70%,"$1,030,148"
2021-04-25 14:27:15.047952,aLINK,v1,0.00%,"$13,277,762"
2021-04-25 14:27:15.072517,YFI,v1,0.00%,"$3,928,403"
2021-04-25 14:27:15.100009,crvRENBTC,v1,0.00%,"$15,001"
2021-04-25 14:27:15.131613,mUSD,v1,19.75%,"$289,915"
2021-04-25 14:27:15.162968,ETH,v1,0.00%,"$7,243,552"
2021-04-26 17:07:51.271974,yveCRV - ETH,v1,54.91%,"$13,305,018"
2021-04-26 17:07:51.281344,yveCRV,v1,17.69%,$0
2021-04-26 17:07:51.286065,USDC,v2,15.65%,"$148,950,291"
2021-04-26 17:07:51.291218,crvIB,v2,20.19%,"$161,184,416"
2021-04-26 17:07:51.297609,HEGIC,v2,0.77%,"$512,260"
2021-04-26 17:07:51.303795,LUSD3CRV-f,v2,NEW ✨,$0
2021-04-26 17:07:51.311114,crvHBTC,v2,9.90%,"$9,833,674"
2021-04-26 17:07:51.321339,crvOBTC,v2,21.99%,"$4,428,481"
2021-04-26 17:07:51.334917,crvRENBTC,v2,1.50%,"$52,012"
2021-04-26 17:07:51.344940,crvSAAVE,v2,19.08%,"$7,891,710"
2021-04-26 17:07:51.355009,DAI,v2,13.13%,"$448,193,634"
2021-04-26 17:07:51.366898,1INCH,v2,7.37%,"$609,217"
2021-04-26 17:07:51.377702,crvPBTC,v2,18.42%,"$530,803"
2021-04-26 17:07:51.386774,WETH,v2,5.25%,"$183,589,309"
2021-04-26 17:07:51.395902,WBTC,v2,5.44%,"$1,116,750"
2021-04-26 17:07:51.406858,crvSETH,v2,12.07%,"$120,784,780"
2021-04-26 17:07:51.417599,crvSTETH,v2,11.88%,"$212,584,735"
2021-04-26 17:07:51.428870,YFI,v2,1.41%,"$189,048,518"
2021-04-26 17:07:51.439923,crvSBTC,v2,3.46%,"$6,140,066"
2021-04-26 17:07:51.452876,ETH,v2,5.25%,"$183,589,309"
2021-04-26 17:07:51.466210,crvMUSD,v1,20.44%,"$2,203,417"
2021-04-26 17:07:51.480877,yCRV,v1,8.76%,"$45,906,672"
2021-04-26 17:07:51.493935,crvGUSD,v1,16.85%,"$32,858,963"
2021-04-26 17:07:51.508710,crvAAVE,v1,26.89%,"$21,775,458"
2021-04-26 17:07:51.523119,USDC,v1,12.98%,"$10,484,687"
2021-04-26 17:07:51.551485,crvDUSD,v1,49.48%,"$2,452,957"
2021-04-26 17:07:51.578264,crvUSDN,v1,29.45%,"$47,426,415"
2021-04-26 17:07:51.599338,crvCOMP,v1,15.63%,"$35,773,630"
2021-04-26 17:07:51.620484,crvUST,v1,28.73%,"$6,222,814"
2021-04-26 17:07:51.641464,crvLINK,v1,9.32%,"$79,761,944"
2021-04-26 17:07:51.660686,3Crv,v1,12.09%,"$81,611,048"
2021-04-26 17:07:51.684045,crvSUSD,v1,24.14%,"$32,816,960"
2021-04-26 17:07:51.701540,USDT,v1,11.66%,"$10,093,729"
2021-04-26 17:07:51.719232,crvEURS,v1,57.37%,"$24,278,509"
2021-04-26 17:07:51.737566,crvTBTC,v1,6.33%,$0
2021-04-26 17:07:51.759616,crvHUSD,v1,29.31%,$673
2021-04-26 17:07:51.782033,TUSD,v1,12.25%,"$3,869,476"
2021-04-26 17:07:51.802562,crvBBTC,v1,3.97%,"$2,684,735"
2021-04-26 17:07:51.825686,LINK,v1,0.00%,"$283,028"
2021-04-26 17:07:51.846455,DAI,v1,8.55%,"$7,405,321"
2021-04-26 17:07:51.868078,crvUSDP,v1,34.69%,"$55,089,804"
2021-04-26 17:07:51.889032,crvBUSD,v1,10.54%,"$21,354,773"
2021-04-26 17:07:51.911283,crvANKR,v1,12.65%,"$1,102,914"
2021-04-26 17:07:51.934468,aLINK,v1,0.00%,"$13,041,575"
2021-04-26 17:07:51.958014,mUSD,v1,19.76%,"$283,722"
2021-04-27 17:58:52.131862,yveCRV,v1,15.77%,$0
2021-04-27 17:58:52.141331,USDC,v2,15.54%,"$150,356,210"
2021-04-27 17:58:52.148499,crvIB,v2,23.59%,"$159,617,858"
2021-04-27 17:58:52.157270,crvTBTC,v2,5.66%,$0
2021-04-27 17:58:52.168363,crvBBTC,v2,6.55%,$0
2021-04-27 17:58:52.174470,HEGIC,v2,0.77%,"$556,293"
2021-04-27 17:58:52.187446,crvLUSD,v2,NEW ✨,$0
2021-04-27 17:58:52.196063,crvHBTC,v2,10.91%,"$10,512,570"
2021-04-27 17:58:52.203860,crvOBTC,v2,24.66%,"$7,510,487"
2021-04-27 17:58:52.212093,crvRENBTC,v2,2.18%,"$53,607"
2021-04-27 17:58:52.220729,crvSAAVE,v2,22.03%,"$8,064,588"
2021-04-27 17:58:52.228868,DAI,v2,13.39%,"$429,987,309"
2021-04-27 17:58:52.237459,1INCH,v2,7.38%,"$678,014"
2021-04-27 17:58:52.250111,crvPBTC,v2,17.31%,"$1,234,211"
2021-04-27 17:58:52.261156,WETH,v2,5.39%,"$172,925,883"
2021-04-27 17:58:52.271251,WBTC,v2,5.44%,"$1,151,071"
2021-04-27 17:58:52.281696,crvSETH,v2,13.76%,"$129,642,172"
2021-04-27 17:58:52.292688,crvSTETH,v2,13.53%,"$220,732,804"
2021-04-27 17:58:52.304564,YFI,v2,1.46%,"$193,596,575"
2021-04-27 17:58:52.316039,crvSBTC,v2,3.74%,"$6,367,051"
2021-04-27 17:58:52.327803,ETH,v2,5.39%,"$172,925,883"
2021-04-27 17:58:52.342531,crvMUSD,v1,36.82%,"$2,735,898"
2021-04-27 17:58:52.355624,yCRV,v1,11.07%,"$46,072,844"
2021-04-27 17:58:52.370398,crvGUSD,v1,22.24%,"$31,149,970"
2021-04-27 17:58:52.384938,crvAAVE,v1,29.36%,"$21,979,890"
2021-04-27 17:58:52.398923,USDC,v1,12.63%,"$11,124,163"
2021-04-27 17:58:52.414218,crvDUSD,v1,54.06%,"$4,276,620"
2021-04-27 17:58:52.431842,crvUSDN,v1,34.24%,"$49,339,199"
2021-04-27 17:58:52.448333,crvCOMP,v1,17.93%,"$35,831,586"
2021-04-27 17:58:52.464996,crvUST,v1,34.90%,"$6,855,771"
2021-04-27 17:58:52.481278,crvLINK,v1,11.02%,"$86,065,561"
2021-04-27 17:58:52.502036,3Crv,v1,14.13%,"$79,498,549"
2021-04-27 17:58:52.520622,crvSUSD,v1,28.68%,"$33,940,634"
2021-04-27 17:58:52.538913,USDT,v1,11.57%,"$9,590,302"
2021-04-27 17:58:52.557338,crvEURS,v1,71.80%,"$26,309,730"
2021-04-27 17:58:52.576141,crvHUSD,v1,36.32%,$730
2021-04-27 17:58:52.599916,TUSD,v1,12.63%,"$3,866,720"
2021-04-27 17:58:52.621071,LINK,v1,0.00%,"$302,881"
2021-04-27 17:58:52.641897,DAI,v1,9.80%,"$7,366,886"
2021-04-27 17:58:52.662501,crvUSDP,v1,41.27%,"$60,996,616"
2021-04-27 17:58:52.700353,crvBUSD,v1,14.30%,"$21,368,046"
2021-04-27 17:58:52.734930,crvANKR,v1,14.17%,"$1,172,338"
2021-04-27 17:58:52.758477,aLINK,v1,0.00%,"$13,742,484"
2021-04-27 17:58:52.781875,mUSD,v1,19.77%,"$226,261"
2021-04-28 17:56:16.374244,yveCRV,v1,15.67%,$0
2021-04-28 17:56:16.381833,USDC,v2,15.82%,"$158,441,945"
2021-04-28 17:56:16.388434,crvIB,v2,22.95%,"$160,706,796"
2021-04-28 17:56:16.393180,crvTBTC,v2,5.20%,$0
2021-04-28 17:56:16.399474,crvBBTC,v2,5.13%,$0
2021-04-28 17:56:16.408313,HEGIC,v2,0.77%,"$518,317"
2021-04-28 17:56:16.414274,crvLUSD,v2,NEW ✨,$0
2021-04-28 17:56:16.421786,crvHBTC,v2,10.08%,"$10,916,602"
2021-04-28 17:56:16.430140,crvOBTC,v2,23.42%,"$7,838,628"
2021-04-28 17:56:16.437687,crvRENBTC,v2,1.69%,"$53,493"
2021-04-28 17:56:16.447960,crvSAAVE,v2,21.10%,"$6,071,032"
2021-04-28 17:56:16.456986,DAI,v2,12.18%,"$423,076,797"
2021-04-28 17:56:16.465517,1INCH,v2,7.38%,"$781,847"
2021-04-28 17:56:16.475012,crvPBTC,v2,16.59%,"$1,647,232"
2021-04-28 17:56:16.484561,WETH,v2,5.29%,"$177,117,499"
2021-04-28 17:56:16.494702,WBTC,v2,5.44%,"$1,151,041"
2021-04-28 17:56:16.506762,crvSETH,v2,12.91%,"$133,170,205"
2021-04-28 17:56:16.517494,crvSTETH,v2,15.33%,"$222,434,052"
2021-04-28 17:56:16.532296,YFI,v2,1.54%,"$188,580,551"
2021-04-28 17:56:16.543605,crvSBTC,v2,2.86%,"$6,202,395"
2021-04-28 17:56:16.557376,ETH,v2,5.29%,"$177,117,499"
2021-04-28 17:56:16.570686,crvMUSD,v1,27.51%,"$2,811,534"
2021-04-28 17:56:16.583500,yCRV,v1,9.88%,"$46,266,678"
2021-04-28 17:56:16.596882,crvGUSD,v1,21.48%,"$29,337,852"
2021-04-28 17:56:16.610500,crvAAVE,v1,24.91%,"$22,473,457"
2021-04-28 17:56:16.626933,USDC,v1,12.19%,"$15,598,028"
2021-04-28 17:56:16.642423,crvDUSD,v1,46.05%,"$6,676,403"
2021-04-28 17:56:16.657635,crvUSDN,v1,52.85%,"$52,711,935"
2021-04-28 17:56:16.673608,crvCOMP,v1,17.06%,"$35,800,700"
2021-04-28 17:56:16.689697,crvUST,v1,29.42%,"$6,848,932"
2021-04-28 17:56:16.707225,crvLINK,v1,10.66%,"$83,483,764"
2021-04-28 17:56:16.725498,3Crv,v1,12.82%,"$80,364,276"
2021-04-28 17:56:16.744958,crvSUSD,v1,27.99%,"$34,178,749"
2021-04-28 17:56:16.763559,USDT,v1,11.38%,"$10,898,635"
2021-04-28 17:56:16.781638,crvEURS,v1,53.75%,"$28,171,296"
2021-04-28 17:56:16.802936,crvHUSD,v1,33.70%,$699
2021-04-28 17:56:16.826500,TUSD,v1,11.98%,"$3,867,588"
2021-04-28 17:56:16.847720,LINK,v1,0%,"$294,741"
2021-04-28 17:56:16.869174,DAI,v1,9.90%,"$7,302,787"
2021-04-28 17:56:16.922859,crvUSDP,v1,37.10%,"$64,053,734"
2021-04-28 17:56:16.968118,crvBUSD,v1,12.50%,"$21,366,601"
2021-04-28 17:56:16.994986,crvANKR,v1,13.08%,"$1,209,053"
2021-04-28 17:56:17.017513,aLINK,v1,0%,"$13,273,559"
2021-04-28 17:56:17.039970,mUSD,v1,20.18%,"$169,161"
2021-04-29 19:14:07.229586,yveCRV,v1,14.46%,$0
2021-04-29 19:14:07.237810,USDC,v2,15.58%,"$157,701,561"
2021-04-29 19:14:07.244379,crvIB,v2,19.62%,"$159,947,755"
2021-04-29 19:14:07.257386,crvTBTC,v2,5.05%,$0
2021-04-29 19:14:07.263345,crvBBTC,v2,2.80%,$0
2021-04-29 19:14:07.269100,HEGIC,v2,0.77%,"$514,990"
2021-04-29 19:14:07.275034,crvLUSD,v2,NEW ✨,$0
2021-04-29 19:14:07.284328,crvHBTC,v2,10.85%,"$12,164,255"
2021-04-29 19:14:07.290991,crvOBTC,v2,24.03%,"$9,278,424"
2021-04-29 19:14:07.302756,crvRENBTC,v2,3.23%,"$51,778"
2021-04-29 19:14:07.310582,crvSAAVE,v2,19.57%,"$6,354,556"
2021-04-29 19:14:07.328795,USDT,v2,NEW ✨,"$1,040,307"
2021-04-29 19:14:07.337664,DAI,v2,11.27%,"$431,001,897"
2021-04-29 19:14:07.347113,1INCH,v2,12.92%,"$744,153"
2021-04-29 19:14:07.356493,crvPBTC,v2,18.93%,"$2,176,876"
2021-04-29 19:14:07.367936,WETH,v2,4.81%,"$170,976,270"
2021-04-29 19:14:07.379643,WBTC,v2,5.44%,"$1,111,486"
2021-04-29 19:14:07.391045,crvSETH,v2,11.70%,"$133,184,770"
2021-04-29 19:14:07.403275,crvSTETH,v2,15.56%,"$228,157,856"
2021-04-29 19:14:07.415822,YFI,v2,1.54%,"$174,893,856"
2021-04-29 19:14:07.428066,crvSBTC,v2,1.86%,"$5,503,958"
2021-04-29 19:14:07.441478,ETH,v2,4.81%,"$170,976,270"
2021-04-29 19:14:07.455066,crvMUSD,v1,24.97%,"$2,685,405"
2021-04-29 19:14:07.469427,yCRV,v1,9.36%,"$45,829,536"
2021-04-29 19:14:07.484061,crvGUSD,v1,8.79%,"$28,355,753"
2021-04-29 19:14:07.498594,crvAAVE,v1,22.94%,"$22,634,627"
2021-04-29 19:14:07.515063,USDC,v1,12.11%,"$15,559,385"
2021-04-29 19:14:07.530774,crvDUSD,v1,40.52%,"$5,418,907"
2021-04-29 19:14:07.546228,crvUSDN,v1,30.79%,"$61,156,260"
2021-04-29 19:14:07.563636,crvCOMP,v1,17.35%,"$35,845,427"
2021-04-29 19:14:07.582027,crvUST,v1,24.73%,"$9,917,725"
2021-04-29 19:14:07.598811,crvLINK,v1,11.12%,"$82,252,128"
2021-04-29 19:14:07.619278,3Crv,v1,12.76%,"$72,853,968"
2021-04-29 19:14:07.637713,crvSUSD,v1,26.02%,"$34,208,914"
2021-04-29 19:14:07.657415,USDT,v1,11.50%,"$10,903,741"
2021-04-29 19:14:07.679236,crvEURS,v1,61.59%,"$31,355,869"
2021-04-29 19:14:07.704138,crvHUSD,v1,32.59%,$704
2021-04-29 19:14:07.727366,TUSD,v1,11.51%,"$3,863,111"
2021-04-29 19:14:07.758708,LINK,v1,0.00%,"$267,227"
2021-04-29 19:14:07.792077,DAI,v1,8.97%,"$7,297,745"
2021-04-29 19:14:07.816569,crvUSDP,v1,29.76%,"$71,369,134"
2021-04-29 19:14:07.840776,crvBUSD,v1,11.35%,"$21,356,842"
2021-04-29 19:14:07.866842,crvANKR,v1,19.90%,"$1,213,394"
2021-04-29 19:14:07.895184,aLINK,v1,0.00%,"$13,037,349"
2021-04-29 19:14:07.919781,mUSD,v1,18.37%,"$165,210"
2021-05-01 18:03:21.713584,yveCRV - ETH,v1,63.01%,"$9,609,105"
2021-05-01 18:03:21.724694,yveCRV,v1,13.00%,$0
2021-05-01 18:03:21.729409,yvBOOST,v2,14.33%,"$3,629,213"
2021-05-01 18:03:21.734358,yvBOOST - ETH,v2,1.95%,"$8,147,837"
2021-05-01 18:03:21.743641,USDC,v2,14.83%,"$157,938,547"
2021-05-01 18:03:21.748993,crvIB,v2,21.87%,"$155,873,278"
2021-05-01 18:03:21.755547,crvTBTC,v2,6.79%,$0
2021-05-01 18:03:21.762205,crvBBTC,v2,5.27%,$0
2021-05-01 18:03:21.769315,HEGIC,v2,0.77%,"$541,563"
2021-05-01 18:03:21.777516,crvFRAX,v2,NEW ✨,$0
2021-05-01 18:03:21.798671,crvLUSD,v2,NEW ✨,$0
2021-05-01 18:03:21.815163,crvHBTC,v2,11.61%,"$12,440,300"
2021-05-01 18:03:21.826851,crvOBTC,v2,19.42%,"$10,202,356"
2021-05-01 18:03:21.838704,crvRENBTC,v2,2.44%,"$56,566"
2021-05-01 18:03:21.851861,crvSAAVE,v2,21.49%,"$5,233,074"
2021-05-01 18:03:21.870245,USDT,v2,3.36%,"$2,262,245"
2021-05-01 18:03:21.883457,DAI,v2,11.91%,"$426,841,549"
2021-05-01 18:03:21.894572,1INCH,v2,5.52%,"$785,973"
2021-05-01 18:03:21.909231,crvPBTC,v2,14.94%,"$2,428,397"
2021-05-01 18:03:21.922224,WETH,v2,4.56%,"$180,822,224"
2021-05-01 18:03:21.936453,WBTC,v2,5.44%,"$1,212,627"
2021-05-01 18:03:21.950406,crvSETH,v2,13.17%,"$130,530,816"
2021-05-01 18:03:21.970492,crvSTETH,v2,19.79%,"$257,687,917"
2021-05-01 18:03:21.985804,YFI,v2,0.59%,"$160,658,109"
2021-05-01 18:03:22.003158,crvSBTC,v2,2.20%,"$5,881,274"
2021-05-01 18:03:22.021736,ETH,v2,4.56%,"$180,822,224"
2021-05-01 18:03:22.038596,crvMUSD,v1,28.88%,"$2,825,370"
2021-05-01 18:03:22.058088,yCRV,v1,10.46%,"$46,717,560"
2021-05-01 18:03:22.077205,crvGUSD,v1,12.70%,"$20,333,052"
2021-05-01 18:03:22.096689,crvAAVE,v1,23.62%,"$27,023,108"
2021-05-01 18:03:22.115674,USDC,v1,11.28%,"$15,514,510"
2021-05-01 18:03:22.135942,crvDUSD,v1,35.98%,"$6,675,531"
2021-05-01 18:03:22.158067,crvUSDN,v1,28.65%,"$60,602,371"
2021-05-01 18:03:22.177135,crvCOMP,v1,19.10%,"$35,678,249"
2021-05-01 18:03:22.198559,crvUST,v1,30.53%,"$8,110,073"
2021-05-01 18:03:22.219029,crvLINK,v1,11.14%,"$93,579,254"
2021-05-01 18:03:22.244264,3Crv,v1,13.48%,"$78,979,076"
2021-05-01 18:03:22.268262,crvSUSD,v1,28.85%,"$35,223,453"
2021-05-01 18:03:22.295127,USDT,v1,11.26%,"$10,911,856"
2021-05-01 18:03:22.320092,crvEURS,v1,62.46%,"$40,901,793"
2021-05-01 18:03:22.357133,crvHUSD,v1,37.44%,$698
2021-05-01 18:03:22.420797,TUSD,v1,11.71%,"$3,208,716"
2021-05-01 18:03:22.508060,LINK,v1,0.00%,"$255,873"
2021-05-01 18:03:22.574712,DAI,v1,9.48%,"$7,301,402"
2021-05-01 18:03:22.629708,crvUSDP,v1,33.23%,"$76,540,108"
2021-05-01 18:03:22.691051,crvBUSD,v1,14.21%,"$21,330,415"
2021-05-01 18:03:22.744137,crvANKR,v1,20.51%,"$1,306,339"
2021-05-01 18:03:22.794105,aLINK,v1,0.00%,"$14,631,747"
2021-05-01 18:03:22.843659,mUSD,v1,19.47%,"$169,046"
2021-05-02 16:31:52.176922,yveCRV - ETH,v1,61.54%,"$8,503,798"
2021-05-02 16:31:52.191307,yveCRV,v1,13.01%,$0
2021-05-02 16:31:52.200223,yvBOOST,v2,13.53%,"$4,164,209"
2021-05-02 16:31:52.205088,yvBOOST - ETH,v2,1.46%,"$9,459,308"
2021-05-02 16:31:52.213728,USDC,v2,15.58%,"$153,288,512"
2021-05-02 16:31:52.223600,crvIB,v2,22.16%,"$151,065,910"
2021-05-02 16:31:52.234246,crvTBTC,v2,6.70%,$0
2021-05-02 16:31:52.241849,crvBBTC,v2,1.77%,$0
2021-05-02 16:31:52.249753,HEGIC,v2,0.77%,"$527,016"
2021-05-02 16:31:52.258324,crvFRAX,v2,NEW ✨,$0
2021-05-02 16:31:52.267399,crvLUSD,v2,40.99%,$0
2021-05-02 16:31:52.285366,crvHBTC,v2,11.07%,"$11,919,629"
2021-05-02 16:31:52.303936,crvOBTC,v2,16.93%,"$10,300,385"
2021-05-02 16:31:52.315511,crvRENBTC,v2,2.38%,"$55,758"
2021-05-02 16:31:52.327637,crvSAAVE,v2,22.17%,"$5,326,179"
2021-05-02 16:31:52.348057,USDT,v2,5.18%,"$2,265,209"
2021-05-02 16:31:52.359443,DAI,v2,11.23%,"$436,246,775"
2021-05-02 16:31:52.370786,1INCH,v2,7.37%,"$767,019"
2021-05-02 16:31:52.382527,crvPBTC,v2,15.49%,"$2,239,719"
2021-05-02 16:31:52.395188,WETH,v2,4.25%,"$179,118,224"
2021-05-02 16:31:52.408082,WBTC,v2,5.44%,"$945,721"
2021-05-02 16:31:52.422083,crvSETH,v2,12.58%,"$128,338,587"
2021-05-02 16:31:52.438516,crvSTETH,v2,16.88%,"$266,580,633"
2021-05-02 16:31:52.452810,YFI,v2,0.52%,"$148,831,978"
2021-05-02 16:31:52.468946,crvSBTC,v2,1.97%,"$5,265,292"
2021-05-02 16:31:52.484250,ETH,v2,4.25%,"$179,118,224"
2021-05-02 16:31:52.500544,crvMUSD,v1,28.50%,"$2,551,731"
2021-05-02 16:31:52.516729,yCRV,v1,10.42%,"$47,269,026"
2021-05-02 16:31:52.533115,crvGUSD,v1,12.99%,"$17,831,388"
2021-05-02 16:31:52.551288,crvAAVE,v1,22.25%,"$26,768,877"
2021-05-02 16:31:52.569027,USDC,v1,11.32%,"$15,273,308"
2021-05-02 16:31:52.588356,crvDUSD,v1,33.54%,"$6,270,341"
2021-05-02 16:31:52.607091,crvUSDN,v1,27.00%,"$59,856,581"
2021-05-02 16:31:52.628579,crvCOMP,v1,18.45%,"$35,768,329"
2021-05-02 16:31:52.648255,crvUST,v1,29.81%,"$7,849,860"
2021-05-02 16:31:52.668601,crvLINK,v1,10.98%,"$91,883,959"
2021-05-02 16:31:52.690878,3Crv,v1,13.12%,"$78,444,394"
2021-05-02 16:31:52.714537,crvSUSD,v1,28.43%,"$35,782,188"
2021-05-02 16:31:52.742246,USDT,v1,11.44%,"$11,275,223"
2021-05-02 16:31:52.770427,crvEURS,v1,61.56%,"$39,689,871"
2021-05-02 16:31:52.797472,crvHUSD,v1,35.63%,$692
2021-05-02 16:31:52.820939,TUSD,v1,11.68%,"$3,206,918"
2021-05-02 16:31:52.846874,LINK,v1,0.00%,"$250,610"
2021-05-02 16:31:52.872089,DAI,v1,9.87%,"$6,776,566"
2021-05-02 16:31:52.897601,crvUSDP,v1,32.42%,"$78,057,269"
2021-05-02 16:31:52.926609,crvBUSD,v1,16.68%,"$21,336,624"
2021-05-02 16:31:52.961330,crvANKR,v1,19.83%,"$1,310,376"
2021-05-02 16:31:52.995515,aLINK,v1,0.00%,"$14,129,583"
2021-05-02 16:31:53.024677,mUSD,v1,18.15%,"$116,533"
2021-05-03 16:36:47.129956,yveCRV - ETH,v1,63.77%,"$7,880,184"
2021-05-03 16:36:47.135241,yveCRV,v1,12.47%,$0
2021-05-03 16:36:47.140121,yvBOOST,v2,12.76%,"$5,197,737"
2021-05-03 16:36:47.144974,yvBOOST - ETH,v2,102.48%,"$11,777,739"
2021-05-03 16:36:47.153439,USDC,v2,15.76%,"$154,694,523"
2021-05-03 16:36:47.162691,crvIB,v2,22.03%,"$148,107,395"
2021-05-03 16:36:47.169382,crvTBTC,v2,6.58%,$0
2021-05-03 16:36:47.177313,crvBBTC,v2,3.74%,$0
2021-05-03 16:36:47.185179,HEGIC,v2,0.77%,"$553,925"
2021-05-03 16:36:47.193725,crvFRAX,v2,NEW ✨,$0
2021-05-03 16:36:47.205853,crvLUSD,v2,45.97%,$0
2021-05-03 16:36:47.222880,crvHBTC,v2,10.69%,"$12,591,558"
2021-05-03 16:36:47.242993,crvOBTC,v2,16.05%,"$10,596,568"
2021-05-03 16:36:47.252588,crvRENBTC,v2,2.37%,"$68,264"
2021-05-03 16:36:47.262018,crvSAAVE,v2,20.16%,"$5,430,620"
2021-05-03 16:36:47.271658,USDT,v2,4.47%,"$22,038,404"
2021-05-03 16:36:47.282180,DAI,v2,11.12%,"$452,595,718"
2021-05-03 16:36:47.293276,1INCH,v2,7.37%,"$813,244"
2021-05-03 16:36:47.305650,crvPBTC,v2,15.24%,"$2,343,095"
2021-05-03 16:36:47.317456,WETH,v2,4.17%,"$192,186,567"
2021-05-03 16:36:47.330114,WBTC,v2,5.44%,"$1,109,842"
2021-05-03 16:36:47.343380,crvSETH,v2,11.55%,"$135,433,123"
2021-05-03 16:36:47.357255,crvSTETH,v2,16.83%,"$289,814,874"
2021-05-03 16:36:47.376775,YFI,v2,0.52%,"$156,868,032"
2021-05-03 16:36:47.391087,crvSBTC,v2,2.03%,"$5,456,850"
2021-05-03 16:36:47.406048,ETH,v2,4.17%,"$192,186,567"
2021-05-03 16:36:47.422407,crvMUSD,v1,28.55%,"$2,605,177"
2021-05-03 16:36:47.440533,yCRV,v1,10.41%,"$47,535,758"
2021-05-03 16:36:47.457376,crvGUSD,v1,17.30%,"$17,605,590"
2021-05-03 16:36:47.475912,crvAAVE,v1,25.17%,"$26,980,704"
2021-05-03 16:36:47.494611,USDC,v1,11.11%,"$15,440,644"
2021-05-03 16:36:47.513412,crvDUSD,v1,34.14%,"$6,667,480"
2021-05-03 16:36:47.531102,crvUSDN,v1,27.32%,"$60,180,817"
2021-05-03 16:36:47.550198,crvCOMP,v1,19.07%,"$35,734,988"
2021-05-03 16:36:47.571278,crvUST,v1,31.55%,"$8,406,604"
2021-05-03 16:36:47.593462,crvLINK,v1,10.56%,"$93,795,691"
2021-05-03 16:36:47.613380,3Crv,v1,13.28%,"$78,818,144"
2021-05-03 16:36:47.636365,crvSUSD,v1,28.19%,"$36,472,334"
2021-05-03 16:36:47.660985,USDT,v1,11.23%,"$11,967,811"
2021-05-03 16:36:47.687101,crvEURS,v1,59.33%,"$42,719,435"
2021-05-03 16:36:47.713512,crvHUSD,v1,36.77%,$730
2021-05-03 16:36:47.736469,TUSD,v1,11.63%,"$3,208,330"
2021-05-03 16:36:47.768571,LINK,v1,0.00%,"$258,987"
2021-05-03 16:36:47.824634,DAI,v1,10.30%,"$6,504,679"
2021-05-03 16:36:47.872080,crvUSDP,v1,30.49%,"$78,306,751"
2021-05-03 16:36:47.902177,crvBUSD,v1,19.44%,"$21,360,334"
2021-05-03 16:36:47.930104,crvANKR,v1,18.17%,"$1,377,151"
2021-05-03 16:36:47.957097,aLINK,v1,0.00%,"$12,554,182"
2021-05-03 16:36:47.982306,mUSD,v1,18.67%,"$118,131"
2021-05-04 18:39:41.415209,yveCRV - ETH,v1,64.98%,"$7,119,243"
2021-05-04 18:39:41.419834,yveCRV,v1,13.73%,$0
2021-05-04 18:39:41.427470,yvBOOST,v2,12.02%,"$6,227,220"
2021-05-04 18:39:41.437515,yvBOOST - ETH,v2,49.28%,"$12,440,074"
2021-05-04 18:39:41.448188,USDC,v2,14.66%,"$160,855,935"
2021-05-04 18:39:41.457486,WBTC,v2,NEW ✨,"$388,247,762"
2021-05-04 18:39:41.464928,crvIB,v2,23.83%,"$111,803,373"
2021-05-04 18:39:41.478794,crvTBTC,v2,6.37%,$0
2021-05-04 18:39:41.489677,crvBBTC,v2,3.12%,$0
2021-05-04 18:39:41.497440,HEGIC,v2,0.77%,"$539,475"
2021-05-04 18:39:41.506923,crvFRAX,v2,NEW ✨,$0
2021-05-04 18:39:41.515851,crvLUSD,v2,47.44%,$0
2021-05-04 18:39:41.525993,crvHBTC,v2,10.38%,"$11,685,284"
2021-05-04 18:39:41.535174,crvOBTC,v2,16.57%,"$9,419,540"
2021-05-04 18:39:41.545816,crvRENBTC,v2,2.72%,"$53,075"
2021-05-04 18:39:41.556839,crvSAAVE,v2,30.24%,"$5,465,072"
2021-05-04 18:39:41.567694,USDT,v2,4.27%,"$21,964,294"
2021-05-04 18:39:41.579296,DAI,v2,11.27%,"$434,542,255"
2021-05-04 18:39:41.593066,1INCH,v2,9.61%,"$790,761"
2021-05-04 18:39:41.604518,crvPBTC,v2,14.77%,"$2,227,495"
2021-05-04 18:39:41.616610,WETH,v2,4.39%,"$217,459,952"
2021-05-04 18:39:41.642564,crvSETH,v2,10.42%,"$141,571,524"
2021-05-04 18:39:41.656781,crvSTETH,v2,13.61%,"$316,244,131"
2021-05-04 18:39:41.670639,YFI,v2,0.62%,"$151,109,969"
2021-05-04 18:39:41.685776,crvSBTC,v2,1.93%,"$6,303,469"
2021-05-04 18:39:41.699867,ETH,v2,4.39%,"$217,459,952"
2021-05-04 18:39:41.714527,crvMUSD,v1,26.73%,"$2,413,232"
2021-05-04 18:39:41.732338,yCRV,v1,11.04%,"$47,538,825"
2021-05-04 18:39:41.748566,crvGUSD,v1,15.59%,"$19,245,896"
2021-05-04 18:39:41.765960,crvAAVE,v1,26.18%,"$25,767,615"
2021-05-04 18:39:41.782274,USDC,v1,10.83%,"$14,891,891"
2021-05-04 18:39:41.800892,crvDUSD,v1,32.70%,"$6,204,800"
2021-05-04 18:39:41.818897,crvUSDN,v1,25.80%,"$56,947,093"
2021-05-04 18:39:41.839274,crvCOMP,v1,16.98%,"$35,765,110"
2021-05-04 18:39:41.858858,crvUST,v1,29.78%,"$8,339,191"
2021-05-04 18:39:41.881170,crvLINK,v1,8.38%,"$107,134,746"
2021-05-04 18:39:41.900167,3Crv,v1,12.61%,"$80,388,339"
2021-05-04 18:39:41.922964,crvSUSD,v1,29.18%,"$38,680,921"
2021-05-04 18:39:41.944516,USDT,v1,10.85%,"$15,181,051"
2021-05-04 18:39:41.971221,crvEURS,v1,50.99%,"$42,835,585"
2021-05-04 18:39:41.994781,crvHUSD,v1,31.35%,$648
2021-05-04 18:39:42.021768,TUSD,v1,11.01%,"$3,206,136"
2021-05-04 18:39:42.054890,LINK,v1,0.00%,"$295,746"
2021-05-04 18:39:42.110526,DAI,v1,9.36%,"$6,495,523"
2021-05-04 18:39:42.150992,crvUSDP,v1,27.81%,"$78,277,736"
2021-05-04 18:39:42.221490,crvBUSD,v1,21.87%,"$21,350,702"
2021-05-04 18:39:42.266117,crvANKR,v1,15.10%,"$1,730,662"
2021-05-04 18:39:42.304412,aLINK,v1,0.00%,"$13,838,637"
2021-05-04 18:39:42.343480,mUSD,v1,21.44%,"$109,427"
2021-05-05 17:38:46.048112,yveCRV - ETH,v1,0.00%,"$6,324,878"
2021-05-05 17:38:46.055225,yveCRV,v1,13.03%,$0
2021-05-05 17:38:46.061325,yvBOOST,v2,11.44%,"$6,690,686"
2021-05-05 17:38:46.066834,yvBOOST - ETH,v2,60.01%,"$14,374,292"
2021-05-05 17:38:46.073724,USDC,v2,15.97%,"$164,861,694"
2021-05-05 17:38:46.081527,WBTC,v2,NEW ✨,"$423,297,085"
2021-05-05 17:38:46.087994,crvIB,v2,26.03%,"$116,825,038"
2021-05-05 17:38:46.103205,crvTBTC,v2,6.04%,$0
2021-05-05 17:38:46.110265,crvBBTC,v2,1.60%,$0
2021-05-05 17:38:46.119032,HEGIC,v2,0.77%,"$527,337"
2021-05-05 17:38:46.127507,crvFRAX,v2,NEW ✨,$0
2021-05-05 17:38:46.136324,crvLUSD,v2,46.31%,$0
2021-05-05 17:38:46.144900,crvHBTC,v2,10.31%,"$12,975,952"
2021-05-05 17:38:46.157108,crvOBTC,v2,17.20%,"$9,899,368"
2021-05-05 17:38:46.168361,crvRENBTC,v2,2.32%,"$56,372"
2021-05-05 17:38:46.182243,crvSAAVE,v2,24.24%,"$5,521,470"
2021-05-05 17:38:46.195343,USDT,v2,4.61%,"$22,068,295"
2021-05-05 17:38:46.212093,DAI,v2,12.15%,"$438,257,051"
2021-05-05 17:38:46.224839,1INCH,v2,9.63%,"$849,899"
2021-05-05 17:38:46.240280,crvPBTC,v2,22.28%,"$2,310,130"
2021-05-05 17:38:46.255267,WETH,v2,4.20%,"$224,917,414"
2021-05-05 17:38:46.283710,crvSETH,v2,10.12%,"$145,438,318"
2021-05-05 17:38:46.309927,crvSTETH,v2,15.42%,"$329,919,006"
2021-05-05 17:38:46.335394,YFI,v2,0.86%,"$154,041,666"
2021-05-05 17:38:46.355759,crvSBTC,v2,1.79%,"$5,478,637"
2021-05-05 17:38:46.372067,ETH,v2,4.20%,"$224,917,414"
2021-05-05 17:38:46.386899,crvMUSD,v1,26.35%,"$2,555,377"
2021-05-05 17:38:46.404145,yCRV,v1,17.47%,"$47,651,066"
2021-05-05 17:38:46.420032,crvGUSD,v1,14.41%,"$19,643,645"
2021-05-05 17:38:46.437457,crvAAVE,v1,24.98%,"$29,042,411"
2021-05-05 17:38:46.454960,USDC,v1,10.69%,"$14,812,256"
2021-05-05 17:38:46.477050,crvDUSD,v1,34.55%,"$6,363,289"
2021-05-05 17:38:46.498794,crvUSDN,v1,55.70%,"$57,144,392"
2021-05-05 17:38:46.524342,crvCOMP,v1,17.03%,"$35,733,368"
2021-05-05 17:38:46.551025,crvUST,v1,30.54%,"$9,326,563"
2021-05-05 17:38:46.575868,crvLINK,v1,8.47%,"$110,876,054"
2021-05-05 17:38:46.603471,3Crv,v1,12.66%,"$81,424,018"
2021-05-05 17:38:46.632935,crvSUSD,v1,24.74%,"$39,287,030"
2021-05-05 17:38:46.667308,USDT,v1,10.84%,"$14,670,629"
2021-05-05 17:38:46.705257,crvEURS,v1,47.78%,"$47,068,839"
2021-05-05 17:38:46.752467,crvHUSD,v1,34.35%,$705
2021-05-05 17:38:46.786942,TUSD,v1,11.15%,"$3,206,966"
2021-05-05 17:38:46.811457,LINK,v1,0.00%,"$308,035"
2021-05-05 17:38:46.835785,DAI,v1,11.23%,"$6,362,887"
2021-05-05 17:38:46.868643,crvUSDP,v1,29.31%,"$78,402,145"
2021-05-05 17:38:46.902983,crvBUSD,v1,32.71%,"$21,410,317"
2021-05-05 17:38:46.926559,crvANKR,v1,14.29%,"$1,525,744"
2021-05-05 17:38:46.952970,aLINK,v1,0.00%,"$14,311,779"
2021-05-05 17:38:46.979045,mUSD,v1,22.32%,"$115,614"
2021-05-06 17:33:37.992801,yveCRV - ETH,v1,0.00%,"$6,261,538"
2021-05-06 17:33:37.999561,yveCRV,v1,18.32%,$0
2021-05-06 17:33:38.004649,yvBOOST,v2,17.72%,"$7,305,182"
2021-05-06 17:33:38.011858,yvBOOST - ETH,v2,72.75%,"$15,618,770"
2021-05-06 17:33:38.018426,USDC,v2,22.09%,"$170,342,510"
2021-05-06 17:33:38.024839,WBTC,v2,NEW ✨,"$424,160,348"
2021-05-06 17:33:38.032166,crvIB,v2,25.76%,"$128,971,523"
2021-05-06 17:33:38.041930,crvTBTC,v2,6.54%,$0
2021-05-06 17:33:38.054582,crvBBTC,v2,2.89%,$0
2021-05-06 17:33:38.067016,HEGIC,v2,0.77%,"$522,252"
2021-05-06 17:33:38.079862,crvFRAX,v2,NEW ✨,$0
2021-05-06 17:33:38.090517,crvLUSD,v2,49.27%,$0
2021-05-06 17:33:38.101290,crvHBTC,v2,11.73%,"$13,019,659"
2021-05-06 17:33:38.118585,crvOBTC,v2,17.42%,"$10,060,766"
2021-05-06 17:33:38.139351,crvRENBTC,v2,2.63%,"$55,915"
2021-05-06 17:33:38.161558,crvSAAVE,v2,22.26%,"$5,530,198"
2021-05-06 17:33:38.178427,USDT,v2,4.06%,"$51,953,753"
2021-05-06 17:33:38.192436,DAI,v2,14.37%,"$455,708,433"
2021-05-06 17:33:38.208538,1INCH,v2,9.63%,"$1,014,669"
2021-05-06 17:33:38.222713,crvPBTC,v2,22.20%,"$2,335,487"
2021-05-06 17:33:38.247334,WETH,v2,4.04%,"$235,300,307"
2021-05-06 17:33:38.273427,crvSETH,v2,10.26%,"$152,782,669"
2021-05-06 17:33:38.292288,crvSTETH,v2,16.90%,"$347,350,019"
2021-05-06 17:33:38.306916,YFI,v2,0.86%,"$168,581,230"
2021-05-06 17:33:38.330987,crvSBTC,v2,2.09%,"$5,434,154"
2021-05-06 17:33:38.354002,ETH,v2,4.04%,"$235,300,307"
2021-05-06 17:33:38.369927,crvMUSD,v1,28.27%,"$2,817,183"
2021-05-06 17:33:38.387973,yCRV,v1,14.94%,"$47,625,677"
2021-05-06 17:33:38.406889,crvGUSD,v1,17.54%,"$15,449,396"
2021-05-06 17:33:38.426907,crvAAVE,v1,21.34%,"$42,495,453"
2021-05-06 17:33:38.447917,USDC,v1,10.70%,"$14,792,508"
2021-05-06 17:33:38.473353,crvDUSD,v1,60.45%,"$6,765,739"
2021-05-06 17:33:38.517851,crvUSDN,v1,31.75%,"$57,464,627"
2021-05-06 17:33:38.548560,crvCOMP,v1,22.47%,"$31,568,633"
2021-05-06 17:33:38.572334,crvUST,v1,28.01%,"$8,822,451"
2021-05-06 17:33:38.594164,crvLINK,v1,8.28%,"$110,905,542"
2021-05-06 17:33:38.614661,3Crv,v1,12.96%,"$81,503,983"
2021-05-06 17:33:38.634960,crvSUSD,v1,25.18%,"$39,498,061"
2021-05-06 17:33:38.656331,USDT,v1,10.84%,"$14,687,850"
2021-05-06 17:33:38.690241,crvEURS,v1,38.96%,"$58,563,487"
2021-05-06 17:33:38.716455,crvHUSD,v1,36.45%,$724
2021-05-06 17:33:38.739982,TUSD,v1,11.82%,"$3,138,301"
2021-05-06 17:33:38.763007,LINK,v1,0.00%,"$310,594"
2021-05-06 17:33:38.787170,DAI,v1,11.24%,"$6,358,794"
2021-05-06 17:33:38.813530,crvUSDP,v1,30.56%,"$78,461,909"
2021-05-06 17:33:38.843999,crvBUSD,v1,22.55%,"$31,372,282"
2021-05-06 17:33:38.873284,crvANKR,v1,32.93%,"$1,602,403"
2021-05-06 17:33:38.905689,aLINK,v1,0.00%,"$14,284,037"
2021-05-06 17:33:38.931712,mUSD,v1,18.86%,"$121,422"
2021-05-07 18:19:55.995431,yveCRV - ETH,v1,0.00%,"$6,234,146"
2021-05-07 18:19:56.000620,yveCRV,v1,16.87%,$0
2021-05-07 18:19:56.007190,yvBOOST,v2,17.72%,"$7,386,355"
2021-05-07 18:19:56.016276,yvBOOST - ETH,v2,73.50%,"$17,131,445"
2021-05-07 18:19:56.025408,USDC,v2,24.47%,"$177,508,017"
2021-05-07 18:19:56.035683,WBTC,v2,NEW ✨,"$440,679,096"
2021-05-07 18:19:56.049704,crvIB,v2,26.02%,"$144,078,939"
2021-05-07 18:19:56.059316,crvTBTC,v2,7.27%,$0
2021-05-07 18:19:56.075145,crvBBTC,v2,1.92%,$0
2021-05-07 18:19:56.093262,UNI,v2,NEW ✨,"$787,187"
2021-05-07 18:19:56.105175,HEGIC,v2,4.12%,"$461,070"
2021-05-07 18:19:56.122986,crvFRAX,v2,38.77%,"$5,781,237"
2021-05-07 18:19:56.142156,crvLUSD,v2,52.62%,"$32,419,291"
2021-05-07 18:19:56.156428,crvHBTC,v2,13.51%,"$12,926,302"
2021-05-07 18:19:56.178840,crvOBTC,v2,16.96%,"$10,251,893"
2021-05-07 18:19:56.200183,crvRENBTC,v2,3.34%,"$57,014"
2021-05-07 18:19:56.220703,crvSAAVE,v2,26.76%,"$5,532,970"
2021-05-07 18:19:56.237624,USDT,v2,4.10%,"$41,908,845"
2021-05-07 18:19:56.255375,DAI,v2,15.62%,"$486,235,553"
2021-05-07 18:19:56.284450,1INCH,v2,9.63%,"$1,008,032"
2021-05-07 18:19:56.307522,crvPBTC,v2,17.49%,"$2,310,158"
2021-05-07 18:19:56.338540,WETH,v2,3.95%,"$231,020,860"
2021-05-07 18:19:56.366993,crvSETH,v2,10.99%,"$149,797,361"
2021-05-07 18:19:56.396136,crvSTETH,v2,14.41%,"$350,213,865"
2021-05-07 18:19:56.418752,YFI,v2,1.21%,"$153,678,570"
2021-05-07 18:19:56.444772,crvSBTC,v2,2.37%,"$5,539,274"
2021-05-07 18:19:56.464953,ETH,v2,3.95%,"$231,020,860"
2021-05-07 18:19:56.485744,crvMUSD,v1,34.10%,"$2,322,863"
2021-05-07 18:19:56.521817,yCRV,v1,13.30%,"$47,582,708"
2021-05-07 18:19:56.552164,crvGUSD,v1,19.38%,"$14,845,383"
2021-05-07 18:19:56.590439,crvAAVE,v1,23.21%,"$41,576,371"
2021-05-07 18:19:56.620865,USDC,v1,10.68%,"$14,459,625"
2021-05-07 18:19:56.644452,crvDUSD,v1,38.81%,"$6,855,408"
2021-05-07 18:19:56.670522,crvUSDN,v1,32.25%,"$57,891,467"
2021-05-07 18:19:56.716447,crvCOMP,v1,22.31%,"$31,541,454"
2021-05-07 18:19:56.754573,crvUST,v1,29.17%,"$9,295,464"
2021-05-07 18:19:56.793833,crvLINK,v1,8.51%,"$116,115,975"
2021-05-07 18:19:56.829312,3Crv,v1,14.05%,"$80,413,041"
2021-05-07 18:19:56.862571,crvSUSD,v1,27.70%,"$41,759,989"
2021-05-07 18:19:56.898199,USDT,v1,10.82%,"$13,166,018"
2021-05-07 18:19:56.934516,crvEURS,v1,38.88%,"$56,528,119"
2021-05-07 18:19:56.993028,crvHUSD,v1,37.51%,$714
2021-05-07 18:19:57.036884,TUSD,v1,11.82%,"$3,134,619"
2021-05-07 18:19:57.073166,LINK,v1,0.00%,"$327,468"
2021-05-07 18:19:57.125270,DAI,v1,11.21%,"$6,305,119"
2021-05-07 18:19:57.175804,crvUSDP,v1,31.73%,"$78,184,640"
2021-05-07 18:19:57.215232,crvBUSD,v1,16.04%,"$31,282,296"
2021-05-07 18:19:57.248196,crvANKR,v1,33.39%,"$1,582,728"
2021-05-07 18:19:57.277867,aLINK,v1,0.00%,"$14,938,185"
2021-05-07 18:19:57.309780,mUSD,v1,20.06%,"$115,828"
2021-05-08 16:57:02.090798,yveCRV - ETH,v1,0.00%,"$6,349,624"
2021-05-08 16:57:02.098989,yveCRV,v1,16.74%,$0
2021-05-08 16:57:02.104638,yvBOOST,v2,16.20%,"$8,173,139"
2021-05-08 16:57:02.115688,yvBOOST - ETH,v2,76.74%,"$18,493,962"
2021-05-08 16:57:02.121510,USDC,v2,23.45%,"$180,479,328"
2021-05-08 16:57:02.128123,WBTC,v2,NEW ✨,"$461,006,197"
2021-05-08 16:57:02.140853,crvIB,v2,24.75%,"$147,620,487"
2021-05-08 16:57:02.152262,crvYBUSD,v2,16.49%,$0
2021-05-08 16:57:02.162184,crvTBTC,v2,7.13%,$0
2021-05-08 16:57:02.170432,crvBBTC,v2,1.98%,$0
2021-05-08 16:57:02.181158,crvCOMP,v2,31.52%,"$364,605"
2021-05-08 16:57:02.196357,UNI,v2,NEW ✨,"$989,479"
2021-05-08 16:57:02.212245,HEGIC,v2,4.12%,"$491,134"
2021-05-08 16:57:02.224960,crvFRAX,v2,44.92%,"$3,733,525"
2021-05-08 16:57:02.243907,crvLUSD,v2,50.98%,"$36,685,115"
2021-05-08 16:57:02.258306,crvHBTC,v2,12.84%,"$14,249,117"
2021-05-08 16:57:02.282448,crvOBTC,v2,16.62%,"$10,324,502"
2021-05-08 16:57:02.303515,crvRENBTC,v2,4.64%,"$57,419"
2021-05-08 16:57:02.324852,crvSAAVE,v2,23.96%,"$5,551,858"
2021-05-08 16:57:02.344447,USDT,v2,5.54%,"$41,911,363"
2021-05-08 16:57:02.368282,DAI,v2,14.71%,"$502,941,867"
2021-05-08 16:57:02.389436,1INCH,v2,12.36%,"$1,071,972"
2021-05-08 16:57:02.414317,crvPBTC,v2,15.10%,"$2,403,533"
2021-05-08 16:57:02.449796,WETH,v2,3.96%,"$243,371,890"
2021-05-08 16:57:02.484968,crvSETH,v2,10.27%,"$159,476,884"
2021-05-08 16:57:02.515522,crvSTETH,v2,16.43%,"$379,005,540"
2021-05-08 16:57:02.548900,YFI,v2,1.45%,"$158,719,127"
2021-05-08 16:57:02.573383,crvSBTC,v2,2.41%,"$6,611,933"
2021-05-08 16:57:02.605464,ETH,v2,3.96%,"$243,371,890"
2021-05-08 16:57:02.633657,crvMUSD,v1,36.43%,"$2,202,153"
2021-05-08 16:57:02.657882,yCRV,v1,14.10%,"$47,654,907"
2021-05-08 16:57:02.688961,crvGUSD,v1,18.73%,"$15,653,124"
2021-05-08 16:57:02.722452,crvAAVE,v1,22.62%,"$41,711,349"
2021-05-08 16:57:02.756291,USDC,v1,10.62%,"$14,449,451"
2021-05-08 16:57:02.794719,crvDUSD,v1,37.53%,"$7,430,373"
2021-05-08 16:57:02.852260,crvUSDN,v1,30.54%,"$65,244,305"
2021-05-08 16:57:02.893071,crvCOMP,v1,37.86%,"$34,825,591"
2021-05-08 16:57:02.957607,crvUST,v1,26.58%,"$9,079,598"
2021-05-08 16:57:03.040330,crvLINK,v1,8.98%,"$108,797,900"
2021-05-08 16:57:03.076271,3Crv,v1,13.48%,"$80,906,621"
2021-05-08 16:57:03.103224,crvSUSD,v1,27.88%,"$41,892,472"
2021-05-08 16:57:03.128586,USDT,v1,10.78%,"$13,164,128"
2021-05-08 16:57:03.156962,crvEURS,v1,40.04%,"$52,865,026"
2021-05-08 16:57:03.188817,crvHUSD,v1,38.48%,$725
2021-05-08 16:57:03.228675,TUSD,v1,11.16%,"$3,143,469"
2021-05-08 16:57:03.269314,LINK,v1,0.00%,"$306,177"
2021-05-08 16:57:03.300559,DAI,v1,11.16%,"$6,380,035"
2021-05-08 16:57:03.331527,crvUSDP,v1,31.87%,"$78,240,551"
2021-05-08 16:57:03.361503,crvYBUSD,v1,22.24%,"$31,383,581"
2021-05-08 16:57:03.389962,crvANKR,v1,26.48%,"$3,052,803"
2021-05-08 16:57:03.420713,aLINK,v1,0.00%,"$14,036,228"
2021-05-08 16:57:03.448789,mUSD,v1,21.58%,"$123,485"
2021-05-09 17:06:41.601585,yveCRV - ETH,v1,0.00%,"$6,017,953"
2021-05-09 17:06:41.620032,yveCRV,v1,16.77%,$0
2021-05-09 17:06:41.629266,yvBOOST,v2,16.17%,"$8,726,405"
2021-05-09 17:06:41.636755,yvBOOST - ETH,v2,73.85%,"$19,170,591"
2021-05-09 17:06:41.643771,USDC,v2,22.03%,"$187,417,749"
2021-05-09 17:06:41.651776,WBTC,v2,NEW ✨,"$452,375,728"
2021-05-09 17:06:41.659512,crvIB,v2,23.19%,"$155,450,262"
2021-05-09 17:06:41.666661,crvYBUSD,v2,23.65%,"$13,824,882"
2021-05-09 17:06:41.674366,crvTBTC,v2,6.76%,$0
2021-05-09 17:06:41.682689,crvBBTC,v2,1.72%,$0
2021-05-09 17:06:41.691923,crvCOMP,v2,31.03%,"$2,219,666"
2021-05-09 17:06:41.702866,UNI,v2,NEW ✨,"$1,010,908"
2021-05-09 17:06:41.715926,crvFRAX,v2,40.28%,"$3,873,665"
2021-05-09 17:06:41.729135,crvLUSD,v2,48.65%,"$41,623,371"
2021-05-09 17:06:41.740517,crvHBTC,v2,12.28%,"$14,024,357"
2021-05-09 17:06:41.753169,crvOBTC,v2,17.19%,"$10,526,832"
2021-05-09 17:06:41.766183,crvRENBTC,v2,3.44%,"$56,860"
2021-05-09 17:06:41.780234,crvSAAVE,v2,0.00%,"$5,579,570"
2021-05-09 17:06:41.792617,USDT,v2,4.94%,"$42,013,347"
2021-05-09 17:06:41.804621,DAI,v2,18.55%,"$581,994,285"
2021-05-09 17:06:41.817220,1INCH,v2,5.01%,"$1,051,029"
2021-05-09 17:06:41.830853,crvPBTC,v2,12.30%,"$2,359,000"
2021-05-09 17:06:41.844172,WETH,v2,3.60%,"$254,265,924"
2021-05-09 17:06:41.859766,crvSETH,v2,9.27%,"$165,528,647"
2021-05-09 17:06:41.874529,crvSTETH,v2,14.72%,"$397,735,145"
2021-05-09 17:06:41.889722,YFI,v2,1.44%,"$156,405,427"
2021-05-09 17:06:41.905334,crvSBTC,v2,2.15%,"$6,545,350"
2021-05-09 17:06:41.922243,ETH,v2,3.60%,"$254,265,924"
2021-05-09 17:06:41.938901,crvMUSD,v1,32.85%,"$2,352,859"
2021-05-09 17:06:41.960027,yCRV,v1,14.29%,"$48,075,062"
2021-05-09 17:06:41.977459,crvGUSD,v1,17.70%,"$15,474,641"
2021-05-09 17:06:41.995630,crvAAVE,v1,0.00%,"$44,045,125"
2021-05-09 17:06:42.015270,USDC,v1,10.69%,"$14,415,688"
2021-05-09 17:06:42.033962,crvDUSD,v1,38.13%,"$7,056,493"
2021-05-09 17:06:42.053353,crvUSDN,v1,29.52%,"$65,818,600"
2021-05-09 17:06:42.075351,crvUST,v1,28.48%,"$9,490,856"
2021-05-09 17:06:42.106174,crvLINK,v1,8.17%,"$116,487,074"
2021-05-09 17:06:42.126911,3Crv,v1,13.00%,"$80,851,055"
2021-05-09 17:06:42.153214,crvSUSD,v1,25.17%,"$41,860,249"
2021-05-09 17:06:42.188931,USDT,v1,10.82%,"$13,174,818"
2021-05-09 17:06:42.211738,crvEURS,v1,37.52%,"$56,480,468"
2021-05-09 17:06:42.234413,crvHUSD,v1,36.47%,$734
2021-05-09 17:06:42.257156,TUSD,v1,10.62%,"$3,140,511"
2021-05-09 17:06:42.281798,DAI,v1,11.19%,"$6,365,969"
2021-05-09 17:06:42.306526,crvUSDP,v1,30.05%,"$78,323,480"
2021-05-09 17:06:42.334308,crvANKR,v1,23.45%,"$3,344,758"
2021-05-09 17:06:42.360078,mUSD,v1,24.05%,"$117,814"
2021-05-10 17:36:33.911215,yveCRV - ETH,v1,0.00%,"$5,945,019"
2021-05-10 17:36:33.919947,yveCRV,v1,16.64%,$0
2021-05-10 17:36:33.927416,yvBOOST,v2,16.17%,"$9,661,977"
2021-05-10 17:36:33.937416,yvBOOST - ETH,v2,60.95%,"$20,358,323"
2021-05-10 17:36:33.947835,USDC,v2,23.38%,"$191,402,416"
2021-05-10 17:36:33.960188,WBTC,v2,NEW ✨,"$443,851,625"
2021-05-10 17:36:33.973140,crvIB,v2,22.55%,"$154,566,131"
2021-05-10 17:36:33.986457,crvYBUSD,v2,17.84%,"$13,751,909"
2021-05-10 17:36:33.998651,crvTBTC,v2,7.18%,$0
2021-05-10 17:36:34.013000,crvBBTC,v2,2.35%,$0
2021-05-10 17:36:34.027772,crvCOMP,v2,28.39%,"$4,903,566"
2021-05-10 17:36:34.047204,UNI,v2,NEW ✨,"$1,424,493"
2021-05-10 17:36:34.077087,crvFRAX,v2,33.32%,"$4,715,835"
2021-05-10 17:36:34.103730,crvLUSD,v2,43.05%,"$46,166,082"
2021-05-10 17:36:34.116075,crvHBTC,v2,12.19%,"$14,863,896"
2021-05-10 17:36:34.128699,crvOBTC,v2,16.17%,"$10,379,267"
2021-05-10 17:36:34.147491,crvRENBTC,v2,3.37%,"$56,062"
2021-05-10 17:36:34.159012,crvSAAVE,v2,0.00%,"$5,498,074"
2021-05-10 17:36:34.170889,USDT,v2,4.67%,"$41,882,915"
2021-05-10 17:36:34.185829,DAI,v2,16.51%,"$616,042,692"
2021-05-10 17:36:34.201853,1INCH,v2,5.01%,"$963,937"
2021-05-10 17:36:34.214534,crvPBTC,v2,9.28%,"$2,568,919"
2021-05-10 17:36:34.228514,WETH,v2,3.78%,"$267,127,116"
2021-05-10 17:36:34.245886,crvSETH,v2,8.66%,"$174,907,057"
2021-05-10 17:36:34.261409,crvSTETH,v2,14.10%,"$421,500,682"
2021-05-10 17:36:34.277724,YFI,v2,1.44%,"$163,671,299"
2021-05-10 17:36:34.293607,crvSBTC,v2,2.74%,"$6,528,265"
2021-05-10 17:36:34.309624,ETH,v2,3.78%,"$267,127,116"
2021-05-10 17:36:34.326200,crvMUSD,v1,31.08%,"$2,325,038"
2021-05-10 17:36:34.344237,yCRV,v1,24.21%,"$47,990,302"
2021-05-10 17:36:34.362469,crvGUSD,v1,17.89%,"$15,447,963"
2021-05-10 17:36:34.379439,crvAAVE,v1,0.00%,"$43,649,204"
2021-05-10 17:36:34.398617,USDC,v1,10.75%,"$14,162,304"
2021-05-10 17:36:34.417114,crvDUSD,v1,35.73%,"$8,311,100"
2021-05-10 17:36:34.437327,crvUSDN,v1,29.24%,"$65,065,818"
2021-05-10 17:36:34.457071,crvUST,v1,27.57%,"$10,024,550"
2021-05-10 17:36:34.477443,crvLINK,v1,8.03%,"$115,429,653"
2021-05-10 17:36:34.503554,3Crv,v1,13.15%,"$75,830,288"
2021-05-10 17:36:34.534533,crvSUSD,v1,25.21%,"$41,678,604"
2021-05-10 17:36:34.561739,USDT,v1,10.53%,"$8,787,007"
2021-05-10 17:36:34.583560,crvEURS,v1,36.29%,"$54,393,878"
2021-05-10 17:36:34.605550,crvHUSD,v1,37.16%,$775
2021-05-10 17:36:34.628424,TUSD,v1,12.56%,"$3,127,311"
2021-05-10 17:36:34.651206,DAI,v1,10.86%,"$6,337,575"
2021-05-10 17:36:34.674448,crvUSDP,v1,28.67%,"$78,828,534"
2021-05-10 17:36:34.698966,crvANKR,v1,21.86%,"$3,565,639"
2021-05-10 17:36:34.723165,mUSD,v1,24.77%,"$116,421"
2021-05-11 18:53:10.925977,yveCRV - ETH,v1,0.00%,"$5,555,179"
2021-05-11 18:53:10.936774,yveCRV,v1,18.26%,$0
2021-05-11 18:53:10.956806,yvBOOST,v2,16.20%,"$10,257,882"
2021-05-11 18:53:10.990391,yvBOOST - ETH,v2,NEW ✨,$0
2021-05-11 18:53:11.003359,USDC,v2,21.29%,"$219,818,237"
2021-05-11 18:53:11.011964,WBTC,v2,3.90%,"$429,714,954"
2021-05-11 18:53:11.023264,crvIB,v2,21.04%,"$173,825,117"
2021-05-11 18:53:11.038970,crvYBUSD,v2,16.93%,"$15,950,881"
2021-05-11 18:53:11.051461,crvTBTC,v2,6.35%,$0
2021-05-11 18:53:11.062774,crvBBTC,v2,2.61%,$0
2021-05-11 18:53:11.073280,crvCOMP,v2,22.09%,"$30,477,853"
2021-05-11 18:53:11.085889,UNI,v2,NEW ✨,"$1,381,465"
2021-05-11 18:53:11.096997,crvFRAX,v2,40.02%,"$24,948,541"
2021-05-11 18:53:11.106510,crvLUSD,v2,37.62%,"$62,896,463"
2021-05-11 18:53:11.119057,crvHBTC,v2,11.66%,"$14,056,824"
2021-05-11 18:53:11.132182,crvOBTC,v2,15.79%,"$10,276,533"
2021-05-11 18:53:11.147842,crvRENBTC,v2,3.25%,"$55,507"
2021-05-11 18:53:11.161982,crvSAAVE,v2,0.00%,"$5,527,823"
2021-05-11 18:53:11.176836,USDT,v2,4.41%,"$41,930,941"
2021-05-11 18:53:11.194537,DAI,v2,16.46%,"$636,058,842"
2021-05-11 18:53:11.213249,1INCH,v2,4.94%,"$943,079"
2021-05-11 18:53:11.230992,crvPBTC,v2,8.55%,"$2,514,075"
2021-05-11 18:53:11.248893,WETH,v2,2.89%,"$260,082,669"
2021-05-11 18:53:11.266351,yCRV,v2,26.19%,"$18,853"
2021-05-11 18:53:11.283536,crvSETH,v2,8.77%,"$169,793,046"
2021-05-11 18:53:11.302134,crvSTETH,v2,13.40%,"$413,234,304"
2021-05-11 18:53:11.320324,3Crv,v2,15.57%,$47
2021-05-11 18:53:11.338378,YFI,v2,1.16%,"$224,022,777"
2021-05-11 18:53:11.358636,crvGUSD,v2,30.19%,"$330,459"
2021-05-11 18:53:11.383316,crvSBTC,v2,1.90%,"$6,463,662"
2021-05-11 18:53:11.402977,ETH,v2,2.89%,"$260,082,669"
2021-05-11 18:53:11.423062,crvMUSD,v1,30.27%,"$2,281,588"
2021-05-11 18:53:11.441202,crvAAVE,v1,0.00%,"$43,897,503"
2021-05-11 18:53:11.475725,USDC,v1,10.17%,"$14,110,735"
2021-05-11 18:53:11.501207,crvDUSD,v1,31.10%,"$8,171,157"
2021-05-11 18:53:11.524670,crvUSDN,v1,28.17%,"$65,713,534"
2021-05-11 18:53:11.549728,crvUST,v1,29.50%,"$9,840,234"
2021-05-11 18:53:11.579543,crvLINK,v1,8.99%,"$92,202,154"
2021-05-11 18:53:11.609736,crvSUSD,v1,28.23%,"$41,930,477"
2021-05-11 18:53:11.650410,USDT,v1,10.37%,"$8,762,302"
2021-05-11 18:53:11.677476,crvEURS,v1,34.68%,"$53,275,679"
2021-05-11 18:53:11.710212,crvHUSD,v1,34.64%,$668
2021-05-11 18:53:11.736087,TUSD,v1,12.96%,"$3,143,758"
2021-05-11 18:53:11.763765,DAI,v1,10.69%,"$6,426,232"
2021-05-11 18:53:11.790991,crvUSDP,v1,27.34%,"$78,585,831"
2021-05-11 18:53:11.824694,crvAETH,v1,21.45%,"$3,500,867"
2021-05-11 18:53:11.855771,mUSD,v1,25.20%,"$114,214"
2021-05-12 17:22:55.562111,yveCRV - ETH,v1,0.00%,"$5,723,424"
2021-05-12 17:22:55.571206,yveCRV,v1,17.32%,$0
2021-05-12 17:22:55.577317,yvBOOST,v2,NEW ✨,"$10,531,399"
2021-05-12 17:22:55.589536,yvBOOST - ETH,v2,55.40%,"$20,222,064"
2021-05-12 17:22:55.596507,USDC,v2,18.42%,"$234,711,991"
2021-05-12 17:22:55.606891,WBTC,v2,3.73%,"$419,103,438"
2021-05-12 17:22:55.614776,crvIB,v2,21.90%,"$177,068,250"
2021-05-12 17:22:55.623076,crvYBUSD,v2,15.79%,"$15,986,010"
2021-05-12 17:22:55.634709,crvTBTC,v2,7.47%,$0
2021-05-12 17:22:55.665146,crvBBTC,v2,2.01%,$0
2021-05-12 17:22:55.675475,crvCOMP,v2,17.80%,"$35,228,379"
2021-05-12 17:22:55.692123,UNI,v2,NEW ✨,"$2,006,911"
2021-05-12 17:22:55.702973,crvFRAX,v2,8.71%,"$32,639,713"
2021-05-12 17:22:55.715120,crvLUSD,v2,36.91%,"$64,400,168"
2021-05-12 17:22:55.727157,crvHBTC,v2,13.90%,"$14,113,976"
2021-05-12 17:22:55.738417,crvOBTC,v2,17.19%,"$10,014,723"
2021-05-12 17:22:55.752157,crvRENBTC,v2,4.02%,"$54,093"
2021-05-12 17:22:55.765466,crvSAAVE,v2,0.00%,"$5,538,006"
2021-05-12 17:22:55.780528,USDT,v2,4.13%,"$41,830,820"
2021-05-12 17:22:55.794948,DAI,v2,16.11%,"$669,361,816"
2021-05-12 17:22:55.809690,1INCH,v2,4.94%,"$929,971"
2021-05-12 17:22:55.825111,crvPBTC,v2,8.47%,"$2,480,596"
2021-05-12 17:22:55.842101,WETH,v2,3.30%,"$263,501,733"
2021-05-12 17:22:55.859011,yCRV,v2,32.61%,"$37,770"
2021-05-12 17:22:55.876826,crvSETH,v2,9.64%,"$167,773,386"
2021-05-12 17:22:55.894172,crvSTETH,v2,13.13%,"$427,846,809"
2021-05-12 17:22:55.912084,3Crv,v2,15.37%,"$1,122,795"
2021-05-12 17:22:55.932600,YFI,v2,0.94%,"$181,631,817"
2021-05-12 17:22:55.951344,crvGUSD,v2,26.81%,"$2,440,294"
2021-05-12 17:22:55.971221,crvSBTC,v2,2.55%,"$6,299,026"
2021-05-12 17:22:55.991590,ETH,v2,3.30%,"$263,501,733"
2021-05-12 17:22:56.011850,crvMUSD,v1,33.23%,"$2,330,423"
2021-05-12 17:22:56.031795,crvAAVE,v1,0.00%,"$43,956,159"
2021-05-12 17:22:56.053737,USDC,v1,9.46%,"$14,111,000"
2021-05-12 17:22:56.078295,crvDUSD,v1,30.10%,"$8,346,000"
2021-05-12 17:22:56.105022,crvUSDN,v1,30.62%,"$64,140,684"
2021-05-12 17:22:56.134022,crvUST,v1,27.65%,"$10,051,037"
2021-05-12 17:22:56.169190,crvLINK,v1,9.94%,"$89,382,828"
2021-05-12 17:22:56.193070,crvSUSD,v1,28.72%,"$41,988,835"
2021-05-12 17:22:56.216149,USDT,v1,9.71%,"$8,805,180"
2021-05-12 17:22:56.243764,crvEURS,v1,38.33%,"$54,415,821"
2021-05-12 17:22:56.286432,crvHUSD,v1,37.23%,$682
2021-05-12 17:22:56.329499,TUSD,v1,14.04%,"$3,149,346"
2021-05-12 17:22:56.372318,DAI,v1,9.99%,"$6,277,336"
2021-05-12 17:22:56.405444,crvUSDP,v1,29.88%,"$79,633,604"
2021-05-12 17:22:56.450766,crvAETH,v1,22.28%,"$3,575,873"
2021-05-12 17:22:56.479950,mUSD,v1,24.27%,"$116,658"
2021-05-13 16:32:08.625176,yveCRV - ETH,v1,0.00%,"$4,364,454"
2021-05-13 16:32:08.633730,yveCRV,v1,17.16%,$0
2021-05-13 16:32:08.638446,yvBOOST,v2,NEW ✨,"$9,977,367"
2021-05-13 16:32:08.647099,yvBOOST - ETH,v2,48.13%,"$19,809,525"
2021-05-13 16:32:08.652785,USDC,v2,16.18%,"$239,486,240"
2021-05-13 16:32:08.659412,WBTC,v2,3.66%,"$428,509,099"
2021-05-13 16:32:08.666754,crvIB,v2,21.51%,"$176,976,773"
2021-05-13 16:32:08.682043,crvYBUSD,v2,17.83%,"$16,016,460"
2021-05-13 16:32:08.693327,crvTBTC,v2,8.40%,$0
2021-05-13 16:32:08.704047,crvBBTC,v2,3.27%,$0
2021-05-13 16:32:08.717858,crvCOMP,v2,18.47%,"$35,680,470"
2021-05-13 16:32:08.734871,UNI,v2,NEW ✨,"$2,009,234"
2021-05-13 16:32:08.744188,crvFRAX,v2,10.39%,"$31,383,419"
2021-05-13 16:32:08.755249,crvLUSD,v2,34.51%,"$68,201,678"
2021-05-13 16:32:08.766883,crvHBTC,v2,16.83%,"$12,885,397"
2021-05-13 16:32:08.778608,crvOBTC,v2,18.82%,"$9,354,057"
2021-05-13 16:32:08.790665,crvRENBTC,v2,5.22%,"$49,359"
2021-05-13 16:32:08.803517,crvSAAVE,v2,0.00%,"$5,489,233"
2021-05-13 16:32:08.817231,USDT,v2,6.69%,"$42,009,338"
2021-05-13 16:32:08.830044,DAI,v2,12.44%,"$639,934,614"
2021-05-13 16:32:08.842893,1INCH,v2,4.94%,"$825,553"
2021-05-13 16:32:08.856025,crvPBTC,v2,8.09%,"$2,104,750"
2021-05-13 16:32:08.869075,WETH,v2,3.18%,"$236,366,973"
2021-05-13 16:32:08.886370,yCRV,v2,27.47%,"$1,685,940"
2021-05-13 16:32:08.907158,crvSETH,v2,10.58%,"$167,406,624"
2021-05-13 16:32:08.931006,crvSTETH,v2,13.15%,"$401,607,653"
2021-05-13 16:32:08.958035,3Crv,v2,14.67%,"$3,295,170"
2021-05-13 16:32:08.978773,YFI,v2,1.04%,"$163,602,605"
2021-05-13 16:32:08.997477,crvGUSD,v2,27.57%,"$3,765,859"
2021-05-13 16:32:09.014221,crvSBTC,v2,2.92%,"$5,851,417"
2021-05-13 16:32:09.030407,ETH,v2,3.18%,"$236,366,973"
2021-05-13 16:32:09.047747,crvMUSD,v1,38.05%,"$2,647,652"
2021-05-13 16:32:09.065411,crvAAVE,v1,0.00%,"$43,223,481"
2021-05-13 16:32:09.084271,USDC,v1,9.17%,"$13,888,340"
2021-05-13 16:32:09.104621,crvDUSD,v1,9.06%,"$6,851,788"
2021-05-13 16:32:09.128811,crvUSDN,v1,65.99%,"$75,713,159"
2021-05-13 16:32:09.150313,crvUST,v1,30.72%,"$9,693,087"
2021-05-13 16:32:09.170051,crvLINK,v1,9.56%,"$85,496,512"
2021-05-13 16:32:09.191122,crvSUSD,v1,29.55%,"$42,341,241"
2021-05-13 16:32:09.211923,USDT,v1,9.44%,"$8,663,732"
2021-05-13 16:32:09.232676,crvEURS,v1,62.26%,"$56,533,084"
2021-05-13 16:32:09.254582,crvHUSD,v1,39.56%,$630
2021-05-13 16:32:09.276886,TUSD,v1,12.61%,"$3,153,477"
2021-05-13 16:32:09.299749,DAI,v1,9.69%,"$6,250,750"
2021-05-13 16:32:09.323664,crvUSDP,v1,30.90%,"$80,013,389"
2021-05-13 16:32:09.352071,crvAETH,v1,24.85%,"$3,308,345"
2021-05-13 16:32:09.375461,mUSD,v1,28.60%,"$119,439"
2021-05-14 17:21:27.037985,yveCRV - ETH,v1,0.00%,"$4,426,543"
2021-05-14 17:21:27.049747,yveCRV,v1,17.22%,$0
2021-05-14 17:21:27.060173,yvBOOST,v2,NEW ✨,"$10,844,305"
2021-05-14 17:21:27.074017,yvBOOST - ETH,v2,53.56%,"$20,173,631"
2021-05-14 17:21:27.082763,USDC,v2,16.15%,"$240,612,241"
2021-05-14 17:21:27.090931,WBTC,v2,3.58%,"$404,255,020"
2021-05-14 17:21:27.097378,crvIB,v2,31.28%,"$177,491,453"
2021-05-14 17:21:27.107228,crvYBUSD,v2,18.40%,"$16,195,178"
2021-05-14 17:21:27.119152,crvTBTC,v2,8.90%,$0
2021-05-14 17:21:27.128090,crvBBTC,v2,3.22%,$0
2021-05-14 17:21:27.136586,crvCOMP,v2,19.13%,"$36,106,016"
2021-05-14 17:21:27.147279,UNI,v2,NEW ✨,"$2,095,429"
2021-05-14 17:21:27.157356,crvFRAX,v2,13.78%,"$26,284,394"
2021-05-14 17:21:27.169892,crvLUSD,v2,37.83%,"$67,790,137"
2021-05-14 17:21:27.190634,crvHBTC,v2,15.62%,"$21,632,685"
2021-05-14 17:21:27.204756,crvDUSD,v2,84.94%,"$2,948,935"
2021-05-14 17:21:27.218845,crvTUSD,v2,42.75%,$0
2021-05-14 17:21:27.231153,crvOBTC,v2,18.69%,"$9,257,869"
2021-05-14 17:21:27.243466,crvRENBTC,v2,4.73%,"$195,928"
2021-05-14 17:21:27.255893,crvSAAVE,v2,0.00%,"$5,411,801"
2021-05-14 17:21:27.268587,USDT,v2,6.66%,"$41,977,484"
2021-05-14 17:21:27.281156,DAI,v2,13.72%,"$684,621,017"
2021-05-14 17:21:27.294349,1INCH,v2,4.94%,"$850,469"
2021-05-14 17:21:27.310081,crvPBTC,v2,13.17%,"$2,114,541"
2021-05-14 17:21:27.324633,WETH,v2,3.56%,"$253,932,531"
2021-05-14 17:21:27.339464,yCRV,v2,17.92%,"$1,784,975"
2021-05-14 17:21:27.355365,crvBUSD,v2,65.95%,"$38,252"
2021-05-14 17:21:27.371320,crvSETH,v2,10.11%,"$179,748,139"
2021-05-14 17:21:27.386917,crvSTETH,v2,11.00%,"$446,999,251"
2021-05-14 17:21:27.405264,3Crv,v2,13.51%,"$3,396,743"
2021-05-14 17:21:27.422574,YFI,v2,0.90%,"$186,087,666"
2021-05-14 17:21:27.442714,crvGUSD,v2,24.36%,"$5,071,246"
2021-05-14 17:21:27.460950,crvSBTC,v2,3.46%,"$5,843,090"
2021-05-14 17:21:27.479992,ETH,v2,3.56%,"$253,932,531"
2021-05-14 17:21:27.500177,crvMUSD,v1,26.39%,"$2,486,434"
2021-05-14 17:21:27.519692,crvAAVE,v1,0.00%,"$39,835,246"
2021-05-14 17:21:27.542802,USDC,v1,8.75%,"$13,574,841"
2021-05-14 17:21:27.565993,crvDUSD,v1,94.85%,"$6,841,940"
2021-05-14 17:21:27.588257,crvUSDN,v1,27.46%,"$82,439,206"
2021-05-14 17:21:27.610335,crvUST,v1,40.18%,"$6,175,341"
2021-05-14 17:21:27.631793,crvLINK,v1,9.13%,"$90,904,231"
2021-05-14 17:21:27.657123,crvSUSD,v1,30.46%,"$42,718,192"
2021-05-14 17:21:27.682677,USDT,v1,9.05%,"$8,893,831"
2021-05-14 17:21:27.705659,crvEURS,v1,58.58%,"$58,367,569"
2021-05-14 17:21:27.728847,crvHUSD,v1,41.22%,$760
2021-05-14 17:21:27.752540,TUSD,v1,12.87%,"$3,135,924"
2021-05-14 17:21:27.776261,DAI,v1,9.27%,"$6,350,038"
2021-05-14 17:21:27.804215,crvUSDP,v1,33.93%,"$72,896,589"
2021-05-14 17:21:27.829531,crvAETH,v1,22.59%,"$3,611,270"
2021-05-14 17:21:27.855115,mUSD,v1,29.04%,"$112,166"
2021-05-15 19:58:05.307721,yveCRV - ETH,v1,0.00%,"$3,885,034"
2021-05-15 19:58:05.317408,yveCRV,v1,19.17%,$0
2021-05-15 19:58:05.325717,yvBOOST,v2,NEW ✨,"$9,872,862"
2021-05-15 19:58:05.333300,yvBOOST - ETH,v2,55.04%,"$19,860,181"
2021-05-15 19:58:05.370517,USDC,v2,16.84%,"$230,942,952"
2021-05-15 19:58:05.377528,WBTC,v2,3.64%,"$384,015,985"
2021-05-15 19:58:05.391155,crvIB,v2,31.36%,"$200,693,221"
2021-05-15 19:58:05.403063,crvYBUSD,v2,15.02%,"$17,972,377"
2021-05-15 19:58:05.418215,crvTBTC,v2,10.03%,$0
2021-05-15 19:58:05.429053,crvBBTC,v2,3.50%,$0
2021-05-15 19:58:05.442799,crvCOMP,v2,17.45%,"$37,316,219"
2021-05-15 19:58:05.456582,UNI,v2,NEW ✨,"$2,123,052"
2021-05-15 19:58:05.470982,crvFRAX,v2,11.11%,"$25,983,550"
2021-05-15 19:58:05.485170,crvLUSD,v2,30.05%,"$70,341,074"
2021-05-15 19:58:05.500763,crvHBTC,v2,13.33%,"$21,095,462"
2021-05-15 19:58:05.520530,crvDUSD,v2,27.85%,"$3,325,223"
2021-05-15 19:58:05.539198,crvTUSD,v2,37.06%,$0
2021-05-15 19:58:05.557942,crvOBTC,v2,19.17%,"$8,053,248"
2021-05-15 19:58:05.574159,crvRENBTC,v2,4.58%,"$136,573"
2021-05-15 19:58:05.592944,crvSAAVE,v2,0.00%,"$5,260,959"
2021-05-15 19:58:05.611204,USDT,v2,5.98%,"$41,985,628"
2021-05-15 19:58:05.635170,DAI,v2,13.48%,"$704,794,451"
2021-05-15 19:58:05.657062,1INCH,v2,4.94%,"$796,316"
2021-05-15 19:58:05.676172,crvPBTC,v2,10.18%,"$1,941,185"
2021-05-15 19:58:05.699711,WETH,v2,4.08%,"$222,739,666"
2021-05-15 19:58:05.724369,yCRV,v2,15.91%,"$18,324,972"
2021-05-15 19:58:05.750020,crvBUSD,v2,50.18%,"$1,520,026"
2021-05-15 19:58:05.773977,crvSETH,v2,9.63%,"$158,176,736"
2021-05-15 19:58:05.807472,crvSTETH,v2,10.50%,"$405,353,284"
2021-05-15 19:58:05.835298,3Crv,v2,9.55%,"$6,458,938"
2021-05-15 19:58:05.861182,YFI,v2,1.55%,"$153,806,379"
2021-05-15 19:58:05.891878,crvGUSD,v2,19.88%,"$7,444,881"
2021-05-15 19:58:05.920501,crvSBTC,v2,3.12%,"$5,610,053"
2021-05-15 19:58:06.001936,ETH,v2,4.08%,"$222,739,666"
2021-05-15 19:58:06.053676,crvMUSD,v1,22.75%,"$2,229,532"
2021-05-15 19:58:06.096231,crvAAVE,v1,0.00%,"$39,958,772"
2021-05-15 19:58:06.137531,USDC,v1,8.27%,"$13,535,107"
2021-05-15 19:58:06.170491,crvUSDN,v1,26.46%,"$67,414,386"
2021-05-15 19:58:06.201921,crvUST,v1,37.31%,"$7,932,363"
2021-05-15 19:58:06.325192,crvLINK,v1,9.26%,"$80,608,704"
2021-05-15 19:58:06.427692,crvSUSD,v1,23.78%,"$42,660,304"
2021-05-15 19:58:06.473800,USDT,v1,8.61%,"$8,817,599"
2021-05-15 19:58:06.521235,crvEURS,v1,50.66%,"$61,898,788"
2021-05-15 19:58:06.574721,crvHUSD,v1,34.95%,$684
2021-05-15 19:58:06.626415,TUSD,v1,12.88%,"$3,145,312"
2021-05-15 19:58:06.685659,DAI,v1,8.79%,"$6,372,282"
2021-05-15 19:58:06.728702,crvUSDP,v1,28.21%,"$72,958,410"
2021-05-15 19:58:06.807642,crvAETH,v1,23.68%,"$4,188,004"
2021-05-15 19:58:06.876832,mUSD,v1,22.86%,"$102,948"
2021-05-17 17:29:11.533668,yveCRV - ETH,v1,0.00%,$0
2021-05-17 17:29:11.541520,yveCRV,v1,22.69%,$0
2021-05-17 17:29:11.553170,yvBOOST,v2,NEW ✨,"$8,741,105"
2021-05-17 17:29:11.558780,yvBOOST - ETH,v2,NEW ✨,$0
2021-05-17 17:29:11.564582,USDC,v2,15.48%,"$244,561,265"
2021-05-17 17:29:11.572296,WBTC,v2,3.43%,"$333,896,771"
2021-05-17 17:29:11.580102,crvIB,v2,21.24%,"$204,013,950"
2021-05-17 17:29:11.587755,crvYBUSD,v2,11.23%,"$18,456,433"
2021-05-17 17:29:11.595684,crvTBTC,v2,10.79%,$605
2021-05-17 17:29:11.633223,crvBBTC,v2,4.59%,$0
2021-05-17 17:29:11.642619,crvCOMP,v2,15.50%,"$40,352,125"
2021-05-17 17:29:11.654933,UNI,v2,NEW ✨,"$2,118,091"
2021-05-17 17:29:11.667694,crvFRAX,v2,10.89%,"$25,516,597"
2021-05-17 17:29:11.684595,crvLUSD,v2,30.06%,"$74,461,546"
2021-05-17 17:29:11.694502,crvHBTC,v2,13.20%,"$19,253,050"
2021-05-17 17:29:11.706203,crvDUSD,v2,23.40%,"$3,846,402"
2021-05-17 17:29:11.717877,crvTUSD,v2,35.68%,$0
2021-05-17 17:29:11.730576,crvOBTC,v2,18.86%,"$7,838,832"
2021-05-17 17:29:11.743336,crvRENBTC,v2,5.11%,"$124,576"
2021-05-17 17:29:11.757076,crvSAAVE,v2,0.00%,"$5,231,694"
2021-05-17 17:29:11.771421,USDT,v2,9.29%,"$42,067,919"
2021-05-17 17:29:11.784448,DAI,v2,12.92%,"$695,791,831"
2021-05-17 17:29:11.798723,1INCH,v2,11.11%,"$705,134"
2021-05-17 17:29:11.819750,crvPBTC,v2,10.80%,"$1,693,305"
2021-05-17 17:29:11.836241,WETH,v2,4.67%,"$240,690,284"
2021-05-17 17:29:11.852693,yCRV,v2,11.42%,"$20,211,852"
2021-05-17 17:29:11.870036,crvBUSD,v2,30.40%,"$5,941,073"
2021-05-17 17:29:11.887555,crvSETH,v2,10.30%,"$136,949,146"
2021-05-17 17:29:11.911364,crvSTETH,v2,11.05%,"$357,967,503"
2021-05-17 17:29:11.932695,3Crv,v2,9.62%,"$6,723,024"
2021-05-17 17:29:11.951023,YFI,v2,1.55%,"$138,518,875"
2021-05-17 17:29:11.970402,crvGUSD,v2,20.34%,"$8,483,671"
2021-05-17 17:29:11.989236,crvSBTC,v2,3.16%,"$5,108,653"
2021-05-17 17:29:12.011273,ETH,v2,4.67%,"$240,690,284"
2021-05-17 17:29:12.032331,crvMUSD,v1,21.45%,"$2,000,322"
2021-05-17 17:29:12.052048,crvAAVE,v1,0.00%,"$37,087,757"
2021-05-17 17:29:12.075088,USDC,v1,8.05%,"$12,777,597"
2021-05-17 17:29:12.096329,crvUSDN,v1,25.34%,"$65,670,939"
2021-05-17 17:29:12.117765,crvUST,v1,26.88%,"$8,040,219"
2021-05-17 17:29:12.142731,crvLINK,v1,9.54%,"$70,012,630"
2021-05-17 17:29:12.167566,crvSUSD,v1,22.79%,"$40,925,714"
2021-05-17 17:29:12.191220,USDT,v1,8.38%,"$8,801,676"
2021-05-17 17:29:12.214299,crvEURS,v1,46.93%,"$57,748,167"
2021-05-17 17:29:12.240819,crvHUSD,v1,30.77%,$612
2021-05-17 17:29:12.266531,TUSD,v1,10.00%,"$3,144,220"
2021-05-17 17:29:12.292029,DAI,v1,8.54%,"$6,143,302"
2021-05-17 17:29:12.317624,crvUSDP,v1,26.11%,"$73,252,422"
2021-05-17 17:29:12.345015,crvAETH,v1,11.33%,"$9,207,714"
2021-05-17 17:29:12.371482,mUSD,v1,22.96%,"$107,608"
2021-05-19 18:31:38.300075,yveCRV - ETH,v1,0.00%,$0
2021-05-19 18:31:38.316366,yveCRV,v1,23.06%,$0
2021-05-19 18:31:38.328047,yvBOOST,v2,NEW ✨,"$7,628,494"
2021-05-19 18:31:38.338928,yvBOOST - ETH,v2,NEW ✨,$0
2021-05-19 18:31:38.353794,USDC,v2,15.99%,"$244,519,984"
2021-05-19 18:31:38.367062,WBTC,v2,3.39%,"$296,896,624"
2021-05-19 18:31:38.379455,sUSD,v2,NEW ✨,"$36,822"
2021-05-19 18:31:38.400259,crvIB,v2,16.53%,"$220,055,462"
2021-05-19 18:31:38.420268,crvYBUSD,v2,11.23%,"$18,605,963"
2021-05-19 18:31:38.445472,crvMUSD,v2,71.02%,"$596,029"
2021-05-19 18:31:38.488163,crvTBTC,v2,10.33%,$530
2021-05-19 18:31:38.524285,crvBBTC,v2,3.22%,$0
2021-05-19 18:31:38.543270,crvCOMP,v2,11.28%,"$34,259,769"
2021-05-19 18:31:38.569956,UNI,v2,NEW ✨,"$1,748,798"
2021-05-19 18:31:38.598760,crvFRAX,v2,10.36%,"$25,452,478"
2021-05-19 18:31:38.650415,crvLUSD,v2,31.29%,"$62,926,997"
2021-05-19 18:31:38.673697,crvHBTC,v2,10.09%,"$16,583,245"
2021-05-19 18:31:38.691724,crvDUSD,v2,24.60%,"$2,091,499"
2021-05-19 18:31:38.712918,crvTUSD,v2,26.40%,$0
2021-05-19 18:31:38.735952,crvOBTC,v2,18.33%,"$8,665,207"
2021-05-19 18:31:38.757923,crvRENBTC,v2,4.78%,"$112,593"
2021-05-19 18:31:38.783630,crvSAAVE,v2,16.61%,"$5,172,544"
2021-05-19 18:31:38.827886,USDT,v2,18.59%,"$12,244,991"
2021-05-19 18:31:38.938321,DAI,v2,12.56%,"$633,688,531"
2021-05-19 18:31:38.982441,1INCH,v2,11.13%,"$554,553"
2021-05-19 18:31:39.056382,crvPBTC,v2,31.39%,"$1,595,560"
2021-05-19 18:31:39.084287,WETH,v2,2.77%,"$166,445,430"
2021-05-19 18:31:39.111986,yCRV,v2,11.96%,"$21,009,879"
2021-05-19 18:31:39.140241,crvBUSD,v2,39.55%,"$10,288,773"
2021-05-19 18:31:39.167984,crvSETH,v2,8.73%,"$111,429,111"
2021-05-19 18:31:39.193270,crvSTETH,v2,10.97%,"$273,251,738"
2021-05-19 18:31:39.222819,3Crv,v2,10.48%,"$7,251,742"
2021-05-19 18:31:39.251023,SNX,v2,NEW ✨,"$184,802"
2021-05-19 18:31:39.279220,crvUST,v2,29.92%,"$3,924,680"
2021-05-19 18:31:39.322261,YFI,v2,1.95%,"$112,937,728"
2021-05-19 18:31:39.353669,crvGUSD,v2,14.66%,"$17,467,496"
2021-05-19 18:31:39.384800,crvSBTC,v2,3.20%,"$4,635,666"
2021-05-19 18:31:39.450160,ETH,v2,2.77%,"$166,445,430"
2021-05-19 18:31:39.493053,crvAAVE,v1,17.84%,"$35,582,581"
2021-05-19 18:31:39.532668,USDC,v1,7.68%,"$12,786,638"
2021-05-19 18:31:39.588999,crvUSDN,v1,71.88%,"$61,729,964"
2021-05-19 18:31:39.696448,crvLINK,v1,8.74%,"$55,825,711"
2021-05-19 18:31:39.770706,crvSUSD,v1,26.89%,"$32,400,301"
2021-05-19 18:31:39.838169,USDT,v1,7.99%,"$8,769,534"
2021-05-19 18:31:39.945024,crvEURS,v1,33.16%,"$52,137,616"
2021-05-19 18:31:40.062559,crvHUSD,v1,23.24%,$661
2021-05-19 18:31:40.193141,TUSD,v1,9.79%,"$3,348,537"
2021-05-19 18:31:40.246474,DAI,v1,8.14%,"$7,397,488"
2021-05-19 18:31:40.288902,crvUSDP,v1,22.81%,"$67,727,745"
2021-05-19 18:31:40.355469,crvAETH,v1,9.29%,"$7,433,443"
2021-05-19 18:31:40.409093,mUSD,v1,-0.60%,"$11,091"
2021-05-20 17:41:08.232452,yveCRV - ETH,v1,0.00%,$0
2021-05-20 17:41:08.253029,yveCRV,v1,34.70%,$0
2021-05-20 17:41:08.265411,yvBOOST,v2,NEW ✨,"$7,971,614"
2021-05-20 17:41:08.274892,yvBOOST - ETH,v2,NEW ✨,$0
2021-05-20 17:41:08.291831,USDC,v2,14.15%,"$237,951,209"
2021-05-20 17:41:08.306474,WBTC,v2,1.65%,"$298,541,924"
2021-05-20 17:41:08.325566,sUSD,v2,NEW ✨,"$39,750"
2021-05-20 17:41:08.343712,crvIB,v2,14.72%,"$219,688,231"
2021-05-20 17:41:08.358206,crvYBUSD,v2,7.25%,"$21,269,511"
2021-05-20 17:41:08.375234,crvMUSD,v2,24.48%,"$741,486"
2021-05-20 17:41:08.393123,crvTBTC,v2,8.32%,$572
2021-05-20 17:41:08.408571,crvBBTC,v2,1.74%,$0
2021-05-20 17:41:08.424478,crvCOMP,v2,8.44%,"$35,331,437"
2021-05-20 17:41:08.442534,UNI,v2,NEW ✨,"$1,765,815"
2021-05-20 17:41:08.476339,crvFRAX,v2,10.35%,"$25,837,320"
2021-05-20 17:41:08.498450,crvLUSD,v2,30.36%,"$63,664,035"
2021-05-20 17:41:08.530306,crvHBTC,v2,9.04%,"$18,636,070"
2021-05-20 17:41:08.554044,crvDUSD,v2,24.48%,"$1,854,706"
2021-05-20 17:41:08.572198,crvTUSD,v2,23.19%,"$2,003"
2021-05-20 17:41:08.594506,crvOBTC,v2,14.03%,"$8,922,269"
2021-05-20 17:41:08.621835,crvRENBTC,v2,3.65%,"$116,012"
2021-05-20 17:41:08.641165,crvSAAVE,v2,20.43%,"$5,221,643"
2021-05-20 17:41:08.671756,USDT,v2,15.68%,"$12,994,558"
2021-05-20 17:41:08.700833,DAI,v2,12.20%,"$516,887,421"
2021-05-20 17:41:08.733809,1INCH,v2,11.13%,"$560,918"
2021-05-20 17:41:08.768092,crvPBTC,v2,19.52%,"$1,726,683"
2021-05-20 17:41:08.789686,WETH,v2,0.00%,"$155,045,223"
2021-05-20 17:41:08.823205,yCRV,v2,7.02%,"$20,850,399"
2021-05-20 17:41:08.845701,crvBUSD,v2,17.75%,"$7,923,399"
2021-05-20 17:41:08.867023,crvSETH,v2,8.53%,"$115,605,133"
2021-05-20 17:41:08.886483,crvSTETH,v2,12.04%,"$285,019,175"
2021-05-20 17:41:08.904542,3Crv,v2,8.10%,"$7,543,499"
2021-05-20 17:41:08.927362,SNX,v2,NEW ✨,"$1,076,138"
2021-05-20 17:41:08.947811,crvUST,v2,21.93%,"$2,915,007"
2021-05-20 17:41:08.971423,YFI,v2,1.87%,"$113,095,359"
2021-05-20 17:41:09.007184,crvGUSD,v2,9.55%,"$16,868,143"
2021-05-20 17:41:09.034178,crvSBTC,v2,2.69%,"$7,413,320"
2021-05-20 17:41:09.056051,ETH,v2,0.00%,"$155,045,223"
2021-05-20 17:41:09.081374,crvAAVE,v1,20.33%,"$35,575,094"
2021-05-20 17:41:09.109411,USDC,v1,7.18%,"$12,376,675"
2021-05-20 17:41:09.135625,crvUSDN,v1,19.92%,"$62,257,326"
2021-05-20 17:41:09.161624,crvLINK,v1,7.71%,"$54,929,260"
2021-05-20 17:41:09.188585,crvSUSD,v1,25.23%,"$28,645,237"
2021-05-20 17:41:09.221034,USDT,v1,7.48%,"$8,298,291"
2021-05-20 17:41:09.268385,crvEURS,v1,29.53%,"$56,923,861"
2021-05-20 17:41:09.295542,crvHUSD,v1,20.21%,$689
2021-05-20 17:41:09.333081,TUSD,v1,9.68%,"$3,371,817"
2021-05-20 17:41:09.454813,DAI,v1,7.62%,"$7,211,654"
2021-05-20 17:41:09.499446,crvUSDP,v1,32.62%,"$67,846,501"
2021-05-20 17:41:09.547112,crvAETH,v1,10.06%,"$7,751,573"
2021-05-20 17:41:09.587567,mUSD,v1,-0.60%,"$11,662"
2021-05-21 17:47:40.232411,yveCRV - ETH,v1,0.00%,$0
2021-05-21 17:47:40.254013,yveCRV,v1,42.21%,$0
2021-05-21 17:47:40.262231,yvBOOST,v2,NEW ✨,"$7,187,648"
2021-05-21 17:47:40.278299,yvBOOST - ETH,v2,NEW ✨,$0
2021-05-21 17:47:40.299888,USDC,v2,14.81%,"$246,550,836"
2021-05-21 17:47:40.313101,WBTC,v2,2.01%,"$278,578,937"
2021-05-21 17:47:40.326168,sUSD,v2,NEW ✨,"$406,112"
2021-05-21 17:47:40.339331,crvIB,v2,16.40%,"$220,707,889"
2021-05-21 17:47:40.347542,crvYBUSD,v2,8.47%,"$21,279,099"
2021-05-21 17:47:40.357100,crvMUSD,v2,16.41%,"$787,934"
2021-05-21 17:47:40.366783,crvTBTC,v2,7.26%,$553
2021-05-21 17:47:40.379716,crvBBTC,v2,0.53%,$0
2021-05-21 17:47:40.406427,crvCOMP,v2,7.45%,"$35,674,326"
2021-05-21 17:47:40.425158,UNI,v2,0.95%,"$1,628,988"
2021-05-21 17:47:40.456076,crvFRAX,v2,7.18%,"$30,161,108"
2021-05-21 17:47:40.471087,crvLUSD,v2,24.17%,"$63,958,144"
2021-05-21 17:47:40.484948,crvHBTC,v2,7.69%,"$17,513,814"
2021-05-21 17:47:40.498094,crvDUSD,v2,18.09%,"$1,629,804"
2021-05-21 17:47:40.512436,crvTUSD,v2,17.12%,"$2,006"
2021-05-21 17:47:40.527424,crvOBTC,v2,9.14%,"$8,362,112"
2021-05-21 17:47:40.541904,crvRENBTC,v2,2.56%,"$108,827"
2021-05-21 17:47:40.556170,crvSAAVE,v2,15.81%,"$5,318,519"
2021-05-21 17:47:40.571867,USDT,v2,17.49%,"$17,430,695"
2021-05-21 17:47:40.587416,DAI,v2,11.93%,"$511,669,607"
2021-05-21 17:47:40.605407,1INCH,v2,20.97%,"$515,699"
2021-05-21 17:47:40.620574,crvPBTC,v2,0.28%,"$1,581,690"
2021-05-21 17:47:40.637756,WETH,v2,2.64%,"$152,064,709"
2021-05-21 17:47:40.657164,yCRV,v2,8.89%,"$24,344,624"
2021-05-21 17:47:40.674578,crvBUSD,v2,14.79%,"$7,835,855"
2021-05-21 17:47:40.694532,crvSETH,v2,8.45%,"$104,987,626"
2021-05-21 17:47:40.712560,crvSTETH,v2,10.74%,"$258,094,951"
2021-05-21 17:47:40.730440,3Crv,v2,5.42%,"$7,745,030"
2021-05-21 17:47:40.749203,SNX,v2,4.77%,"$2,410,561"
2021-05-21 17:47:40.768996,crvUST,v2,15.01%,"$4,069,810"
2021-05-21 17:47:40.789678,YFI,v2,2.04%,"$97,620,968"
2021-05-21 17:47:40.809130,crvGUSD,v2,6.86%,"$15,692,862"
2021-05-21 17:47:40.829377,crvSBTC,v2,2.02%,"$6,961,743"
2021-05-21 17:47:40.850827,ETH,v2,2.64%,"$152,064,709"
2021-05-21 17:47:40.874093,crvAAVE,v1,14.38%,"$35,468,499"
2021-05-21 17:47:40.896444,USDC,v1,6.95%,"$11,941,792"
2021-05-21 17:47:40.922005,crvUSDN,v1,15.46%,"$60,631,096"
2021-05-21 17:47:40.948160,crvLINK,v1,7.77%,"$46,407,911"
2021-05-21 17:47:40.976856,crvSUSD,v1,19.77%,"$28,029,799"
2021-05-21 17:47:41.004027,USDT,v1,7.25%,"$4,510,946"
2021-05-21 17:47:41.035281,crvEURS,v1,25.96%,"$52,205,462"
2021-05-21 17:47:41.063447,crvHUSD,v1,18.08%,$618
2021-05-21 17:47:41.109004,TUSD,v1,9.16%,"$3,353,307"
2021-05-21 17:47:41.145341,DAI,v1,7.38%,"$7,137,668"
2021-05-21 17:47:41.181094,crvUSDP,v1,27.65%,"$62,430,443"
2021-05-21 17:47:41.243567,crvAETH,v1,9.52%,"$6,991,545"
2021-05-21 17:47:41.288937,mUSD,v1,-0.51%,"$10,348"
2021-05-22 16:47:35.167537,yveCRV - ETH,v1,0.00%,$0
2021-05-22 16:47:35.176105,yveCRV,v1,46.61%,$0
2021-05-22 16:47:35.181076,yvBOOST,v2,NEW ✨,"$7,037,719"
2021-05-22 16:47:35.188375,yvBOOST - ETH,v2,NEW ✨,$0
2021-05-22 16:47:35.194958,USDC,v2,14.67%,"$254,002,100"
2021-05-22 16:47:35.201017,WBTC,v2,1.59%,"$290,903,660"
2021-05-22 16:47:35.210548,sUSD,v2,NEW ✨,"$809,111"
2021-05-22 16:47:35.228051,crvIB,v2,15.00%,"$223,276,039"
2021-05-22 16:47:35.236866,crvYBUSD,v2,12.97%,"$21,269,218"
2021-05-22 16:47:35.250798,crvMUSD,v2,15.83%,"$887,308"
2021-05-22 16:47:35.259549,crvTBTC,v2,7.57%,$553
2021-05-22 16:47:35.272360,crvBBTC,v2,-0.10%,"$10,166"
2021-05-22 16:47:35.282892,crvCOMP,v2,7.72%,"$33,682,107"
2021-05-22 16:47:35.292809,UNI,v2,0.73%,"$1,523,784"
2021-05-22 16:47:35.302806,crvFRAX,v2,7.29%,"$30,313,004"
2021-05-22 16:47:35.315125,crvLUSD,v2,22.56%,"$59,306,553"
2021-05-22 16:47:35.347372,crvHBTC,v2,8.94%,"$16,484,419"
2021-05-22 16:47:35.381471,crvDUSD,v2,24.94%,"$1,928,150"
2021-05-22 16:47:35.396894,crvTUSD,v2,17.46%,"$1,998"
2021-05-22 16:47:35.413097,crvOBTC,v2,8.55%,"$8,996,541"
2021-05-22 16:47:35.433323,crvRENBTC,v2,4.40%,"$112,983"
2021-05-22 16:47:35.495470,crvSAAVE,v2,9.75%,"$5,924,785"
2021-05-22 16:47:35.511361,USDT,v2,17.15%,"$17,951,560"
2021-05-22 16:47:35.528716,DAI,v2,12.18%,"$530,006,199"
2021-05-22 16:47:35.544313,1INCH,v2,20.97%,"$489,781"
2021-05-22 16:47:35.568956,crvPBTC,v2,14.52%,"$1,751,162"
2021-05-22 16:47:35.592408,WETH,v2,2.62%,"$143,552,215"
2021-05-22 16:47:35.614787,yCRV,v2,9.90%,"$24,333,115"
2021-05-22 16:47:35.635271,crvBUSD,v2,21.70%,"$6,554,457"
2021-05-22 16:47:35.655931,crvSETH,v2,8.30%,"$103,241,133"
2021-05-22 16:47:35.675490,crvSTETH,v2,9.41%,"$279,784,494"
2021-05-22 16:47:35.709350,3Crv,v2,5.70%,"$7,733,191"
2021-05-22 16:47:35.736257,SNX,v2,47.39%,"$2,861,391"
2021-05-22 16:47:35.759288,crvUST,v2,26.18%,"$4,630,032"
2021-05-22 16:47:35.780950,YFI,v2,1.08%,"$89,296,727"
2021-05-22 16:47:35.800579,crvGUSD,v2,7.12%,"$16,157,420"
2021-05-22 16:47:35.820815,crvSBTC,v2,2.87%,"$7,271,625"
2021-05-22 16:47:35.841212,ETH,v2,2.62%,"$143,552,215"
2021-05-22 16:47:35.862505,crvAAVE,v1,10.49%,"$34,805,702"
2021-05-22 16:47:35.889413,USDC,v1,7.24%,"$11,718,470"
2021-05-22 16:47:35.915071,crvUSDN,v1,17.25%,"$58,660,949"
2021-05-22 16:47:35.937050,crvLINK,v1,7.97%,"$43,763,138"
2021-05-22 16:47:35.961001,crvSUSD,v1,17.15%,"$29,684,187"
2021-05-22 16:47:35.984436,USDT,v1,7.54%,"$4,606,792"
2021-05-22 16:47:36.008131,crvEURS,v1,24.80%,"$52,103,118"
2021-05-22 16:47:36.032082,crvHUSD,v1,17.19%,$0
2021-05-22 16:47:36.056954,TUSD,v1,9.09%,"$3,340,469"
2021-05-22 16:47:36.082218,DAI,v1,7.60%,"$7,094,862"
2021-05-22 16:47:36.112653,crvUSDP,v1,26.96%,"$61,315,293"
2021-05-22 16:47:36.140254,crvAETH,v1,9.95%,"$6,486,515"
2021-05-22 16:47:36.167203,mUSD,v1,-0.51%,"$11,507"
2021-05-23 18:16:46.092679,yveCRV - ETH,v1,0.00%,$0
2021-05-23 18:16:46.098926,yveCRV,v1,60.84%,$0
2021-05-23 18:16:46.103828,yvBOOST,v2,NEW ✨,"$5,522,650"
2021-05-23 18:16:46.109439,yvBOOST - ETH,v2,NEW ✨,$0
2021-05-23 18:16:46.116361,USDC,v2,14.26%,"$262,338,982"
2021-05-23 18:16:46.124178,WBTC,v2,1.62%,"$244,186,270"
2021-05-23 18:16:46.131228,sUSD,v2,NEW ✨,"$726,000"
2021-05-23 18:16:46.138841,crvIB,v2,13.51%,"$226,811,659"
2021-05-23 18:16:46.157674,crvYBUSD,v2,4.56%,"$21,452,227"
2021-05-23 18:16:46.173330,crvMUSD,v2,9.79%,"$872,036"
2021-05-23 18:16:46.186491,crvTBTC,v2,4.71%,$464
2021-05-23 18:16:46.201676,crvBBTC,v2,0.15%,"$8,617"
2021-05-23 18:16:46.215124,crvCOMP,v2,5.34%,"$32,067,850"
2021-05-23 18:16:46.226441,UNI,v2,0.73%,"$914,372"
2021-05-23 18:16:46.237060,crvFRAX,v2,6.71%,"$30,299,606"
2021-05-23 18:16:46.249139,crvLUSD,v2,18.07%,"$57,124,882"
2021-05-23 18:16:46.260804,crvHBTC,v2,9.03%,"$6,245,043"
2021-05-23 18:16:46.272542,crvDUSD,v2,12.87%,"$1,860,722"
2021-05-23 18:16:46.285753,crvTUSD,v2,10.70%,"$2,005"
2021-05-23 18:16:46.298196,crvOBTC,v2,5.59%,"$7,165,398"
2021-05-23 18:16:46.311124,crvRENBTC,v2,1.34%,"$94,859"
2021-05-23 18:16:46.325093,crvSAAVE,v2,9.00%,"$6,014,451"
2021-05-23 18:16:46.338256,USDT,v2,13.72%,"$22,567,312"
2021-05-23 18:16:46.353194,DAI,v2,11.82%,"$492,709,272"
2021-05-23 18:16:46.370326,1INCH,v2,9.78%,"$345,499"
2021-05-23 18:16:46.396275,crvPBTC,v2,12.20%,"$1,631,443"
2021-05-23 18:16:46.423565,WETH,v2,2.52%,"$110,360,836"
2021-05-23 18:16:46.451150,yCRV,v2,4.16%,"$24,504,462"
2021-05-23 18:16:46.469761,crvBUSD,v2,10.40%,"$4,828,417"
2021-05-23 18:16:46.486580,crvSETH,v2,7.36%,"$82,873,829"
2021-05-23 18:16:46.504101,crvSTETH,v2,7.93%,"$223,540,015"
2021-05-23 18:16:46.522032,3Crv,v2,4.85%,"$7,679,144"
2021-05-23 18:16:46.540498,SNX,v2,63.54%,"$2,883,104"
2021-05-23 18:16:46.559204,crvUST,v2,21.15%,"$3,658,552"
2021-05-23 18:16:46.578226,YFI,v2,1.03%,"$58,583,815"
2021-05-23 18:16:46.598034,crvGUSD,v2,5.59%,"$16,099,378"
2021-05-23 18:16:46.632963,crvSBTC,v2,1.13%,"$6,146,839"
2021-05-23 18:16:46.655411,ETH,v2,2.52%,"$110,360,836"
2021-05-23 18:16:46.677411,crvAAVE,v1,9.31%,"$34,340,340"
2021-05-23 18:16:46.698829,USDC,v1,7.08%,"$10,260,580"
2021-05-23 18:16:46.720771,crvUSDN,v1,15.84%,"$33,552,217"
2021-05-23 18:16:46.743315,crvLINK,v1,8.44%,"$27,689,933"
2021-05-23 18:16:46.769371,crvSUSD,v1,20.32%,"$27,985,462"
2021-05-23 18:16:46.792173,USDT,v1,7.38%,"$4,600,667"
2021-05-23 18:16:46.819395,crvEURS,v1,16.23%,"$40,427,039"
2021-05-23 18:16:46.850212,crvHUSD,v1,11.30%,$0
2021-05-23 18:16:46.876598,TUSD,v1,9.05%,"$3,328,377"
2021-05-23 18:16:46.903932,DAI,v1,7.42%,"$7,094,561"
2021-05-23 18:16:46.930142,crvUSDP,v1,22.93%,"$53,848,313"
2021-05-23 18:16:46.955370,crvAETH,v1,7.57%,"$5,078,029"
2021-05-23 18:16:46.985601,mUSD,v1,-0.45%,"$10,707"
2021-05-24 16:43:33.295729,yveCRV - ETH,v1,0.00%,$0
2021-05-24 16:43:33.304241,yveCRV,v1,45.95%,$0
2021-05-24 16:43:33.311288,yvBOOST,v2,NEW ✨,"$7,402,449"
2021-05-24 16:43:33.317638,yvBOOST - ETH,v2,NEW ✨,$0
2021-05-24 16:43:33.326865,USDC,v2,14.25%,"$264,364,416"
2021-05-24 16:43:33.334539,WBTC,v2,1.61%,"$275,219,090"
2021-05-24 16:43:33.343098,sUSD,v2,NEW ✨,"$796,079"
2021-05-24 16:43:33.360231,crvIB,v2,11.84%,"$231,133,026"
2021-05-24 16:43:33.373858,crvYBUSD,v2,5.77%,"$21,129,545"
2021-05-24 16:43:33.387750,crvMUSD,v2,11.70%,"$827,367"
2021-05-24 16:43:33.399238,crvTBTC,v2,5.62%,$540
2021-05-24 16:43:33.411047,crvBBTC,v2,3.16%,"$9,847"
2021-05-24 16:43:33.420590,crvCOMP,v2,6.30%,"$33,512,634"
2021-05-24 16:43:33.431238,UNI,v2,0.73%,"$1,301,876"
2021-05-24 16:43:33.443698,crvFRAX,v2,9.64%,"$30,097,619"
2021-05-24 16:43:33.454815,crvLUSD,v2,21.96%,"$49,786,546"
2021-05-24 16:43:33.469292,crvHBTC,v2,10.82%,"$7,980,345"
2021-05-24 16:43:33.482322,crvDUSD,v2,14.00%,"$1,849,443"
2021-05-24 16:43:33.497568,crvTUSD,v2,13.37%,"$52,056"
2021-05-24 16:43:33.515389,crvOBTC,v2,6.80%,"$7,988,248"
2021-05-24 16:43:33.529292,crvRENBTC,v2,1.66%,"$109,680"
2021-05-24 16:43:33.542557,crvSAAVE,v2,9.04%,"$5,991,486"
2021-05-24 16:43:33.556078,USDT,v2,13.27%,"$23,309,772"
2021-05-24 16:43:33.573243,DAI,v2,11.96%,"$540,196,851"
2021-05-24 16:43:33.593204,1INCH,v2,9.78%,"$623,573"
2021-05-24 16:43:33.612819,crvPBTC,v2,13.17%,"$1,736,910"
2021-05-24 16:43:33.632196,WETH,v2,4.30%,"$144,664,920"
2021-05-24 16:43:33.651391,yCRV,v2,5.65%,"$24,894,877"
2021-05-24 16:43:33.668394,crvBUSD,v2,13.41%,"$5,163,313"
2021-05-24 16:43:33.685681,crvSETH,v2,5.73%,"$107,086,123"
2021-05-24 16:43:33.703928,crvSTETH,v2,9.18%,"$291,213,255"
2021-05-24 16:43:33.723067,3Crv,v2,5.16%,"$7,449,144"
2021-05-24 16:43:33.742435,crvLINK,v2,20.95%,$0
2021-05-24 16:43:33.761692,SNX,v2,67.25%,"$5,044,843"
2021-05-24 16:43:33.781670,crvUST,v2,22.47%,"$9,953,941"
2021-05-24 16:43:33.807232,crvSUSD,v2,14.89%,$0
2021-05-24 16:43:33.840309,YFI,v2,1.05%,"$94,441,477"
2021-05-24 16:43:33.868949,crvGUSD,v2,6.38%,"$16,739,028"
2021-05-24 16:43:33.892690,crvSBTC,v2,1.84%,"$7,108,295"
2021-05-24 16:43:33.914404,ETH,v2,4.30%,"$144,664,920"
2021-05-24 16:43:33.936939,crvAAVE,v1,11.13%,"$34,076,594"
2021-05-24 16:43:33.959542,USDC,v1,6.89%,"$17,764,075"
2021-05-24 16:43:33.982479,crvUSDN,v1,24.84%,"$30,001,527"
2021-05-24 16:43:34.006723,crvLINK,v1,23.38%,"$40,119,097"
2021-05-24 16:43:34.036146,crvSUSD,v1,18.57%,"$29,058,068"
2021-05-24 16:43:34.060762,USDT,v1,7.20%,"$4,365,944"
2021-05-24 16:43:34.087423,crvEURS,v1,24.02%,"$39,144,698"
2021-05-24 16:43:34.112664,crvHUSD,v1,13.88%,$0
2021-05-24 16:43:34.138954,TUSD,v1,9.11%,"$3,327,360"
2021-05-24 16:43:34.165226,DAI,v1,7.24%,"$7,008,842"
2021-05-24 16:43:34.192391,crvUSDP,v1,27.48%,"$45,804,421"
2021-05-24 16:43:34.220648,crvAETH,v1,6.95%,"$7,624,847"
